-- phpMyAdmin SQL Dump
-- version 4.0.10deb1
-- http://www.phpmyadmin.net
--
-- Host: localhost
-- Generation Time: Aug 15, 2016 at 09:39 AM
-- Server version: 5.5.47-0ubuntu0.14.04.1
-- PHP Version: 5.5.9-1ubuntu4.14

SET SQL_MODE = "NO_AUTO_VALUE_ON_ZERO";
SET time_zone = "+00:00";


/*!40101 SET @OLD_CHARACTER_SET_CLIENT=@@CHARACTER_SET_CLIENT */;
/*!40101 SET @OLD_CHARACTER_SET_RESULTS=@@CHARACTER_SET_RESULTS */;
/*!40101 SET @OLD_COLLATION_CONNECTION=@@COLLATION_CONNECTION */;
/*!40101 SET NAMES utf8 */;

--
-- Database: `wepas`
--

-- --------------------------------------------------------

--
-- Table structure for table `en_einstellung`
--

DROP TABLE IF EXISTS `en_einstellung`;
CREATE TABLE IF NOT EXISTS `en_einstellung` (
  `id_einstellung` int(11) NOT NULL AUTO_INCREMENT,
  `fk_variabel` int(11) NOT NULL,
  `at_einstellung_schluessel` char(8) NOT NULL,
  `at_einstellung_wert_bool` tinyint(1) NOT NULL,
  `at_einstellung_wert_int` int(11) NOT NULL,
  `at_einstellung_wert_dec` decimal(5,2) NOT NULL,
  `at_einstellung_wert_cha10` char(10) NOT NULL,
  `at_einstellung_wert_cha30` char(30) NOT NULL,
  PRIMARY KEY (`id_einstellung`)
) ENGINE=MyISAM  DEFAULT CHARSET=utf8 AUTO_INCREMENT=64 ;

--
-- Dumping data for table `en_einstellung`
--

INSERT INTO `en_einstellung` (`id_einstellung`, `fk_variabel`, `at_einstellung_schluessel`, `at_einstellung_wert_bool`, `at_einstellung_wert_int`, `at_einstellung_wert_dec`, `at_einstellung_wert_cha10`, `at_einstellung_wert_cha30`) VALUES
(1, 0, 'gesamt01', 1, 0, 35.00, '', ''),
(2, 0, 'gesamt02', 1, 0, 32.00, '', ''),
(3, 0, 'gesamt03', 1, 0, 29.00, '', ''),
(4, 0, 'gesamt04', 1, 0, 26.00, '', ''),
(5, 0, 'gesamt05', 1, 0, 23.00, '', ''),
(6, 0, 'gesamt06', 1, 0, 20.00, '', ''),
(7, 0, 'gesamt07', 1, 0, 17.00, '', ''),
(8, 0, 'gesamt08', 1, 0, 14.00, '', ''),
(9, 0, 'gesamt09', 1, 0, 9.00, '', ''),
(10, 0, 'gesamt10', 1, 0, 0.00, '', ''),
(11, 0, 'einzel01', 1, 0, 0.00, '', ''),
(12, 0, 'einzel02', 1, 0, 0.00, '', ''),
(13, 0, 'einzel03', 1, 0, 0.00, '', ''),
(14, 0, 'einzel04', 1, 0, 0.00, '', ''),
(17, 0, 'land', 1, 0, 0.00, 'sh', 'Schleswig-Holstein'),
(18, 0, 'land', 1, 0, 0.00, 'hh', 'Hamburg'),
(19, 0, 'land', 1, 0, 0.00, 'ns', 'Niedersachsen'),
(20, 0, 'saison', 1, 0, 0.00, '', 'EM-Tipprunde<br> Frankreich''16'),
(21, 0, 'tunier', 1, 0, 0.00, 'T', 'Boolischer Wert true (1) = Tun'),
(22, 0, 'gruppe', 1, 0, 0.00, '', 'Gruppe A'),
(23, 0, 'gruppe', 1, 0, 0.00, '', 'Gruppe B'),
(24, 0, 'gruppe', 1, 0, 0.00, '', 'Gruppe C'),
(25, 0, 'gruppe', 1, 0, 0.00, '', 'Gruppe D'),
(26, 0, 'gruppe', 1, 0, 0.00, '', 'Gruppe E'),
(27, 0, 'gruppe', 1, 0, 0.00, '', 'Gruppe F'),
(28, 0, 'gruppe', 1, 0, 0.00, '', 'Gruppe G'),
(29, 0, 'gruppe', 1, 0, 0.00, '', 'Gruppe H'),
(33, 0, 'finale', 1, 0, 0.00, '', 'Achtelfinale'),
(34, 0, 'finale', 1, 0, 0.00, '', 'Viertelfinale'),
(35, 0, 'finale', 1, 0, 0.00, '', 'Halbfinale'),
(36, 0, 'finale', 1, 0, 0.00, '', 'Finale'),
(40, 50, 'wettbewe', 1, 0, 0.00, 'BL', 'Bundesliga'),
(41, 51, 'wettbewe', 1, 0, 0.00, 'DP', 'DFB-Pokal'),
(42, 52, 'wettbewe', 1, 0, 0.00, 'CL', 'Championsleague'),
(43, 53, 'wettbewe', 1, 0, 0.00, 'EL', 'Euroleague'),
(44, 53, 'wettbewe', 1, 0, 0.00, 'WM', 'Weltmeisterschaft'),
(45, 55, 'wettbewe', 1, 0, 0.00, 'EM', 'Europameisterschaft'),
(50, 0, 'blfeed', 1, 0, 0.00, '', 'http://rss.kicker.de/live/bund'),
(51, 0, 'dpfeed', 1, 0, 0.00, '', 'http://rss.kicker.de/live/bund'),
(52, 0, 'clfees', 1, 0, 0.00, '', 'http://rss.kicker.de/live/bund'),
(53, 0, 'elfeed', 1, 0, 0.00, '', 'http://rss.kicker.de/live/bund'),
(54, 0, 'wmfeed', 1, 0, 0.00, '', 'http://rss.kicker.de/live/wm'),
(55, 0, 'emfeed', 1, 0, 0.00, '', 'http://rss.kicker.de/live/em'),
(60, 0, 'gesamt11', 1, 0, 0.00, '', ''),
(61, 0, 'gesamt12', 1, 0, 0.00, '', ''),
(62, 0, 'gesamt13', 1, 0, 0.00, '', ''),
(63, 0, 'gesamt14', 1, 0, 0.00, '', '');

-- --------------------------------------------------------

--
-- Table structure for table `en_forum`
--

DROP TABLE IF EXISTS `en_forum`;
CREATE TABLE IF NOT EXISTS `en_forum` (
  `id_forum` int(11) NOT NULL AUTO_INCREMENT,
  `id_tipper` int(11) DEFAULT NULL,
  `at_forum_type` char(1) NOT NULL,
  `at_forum_text1` varchar(80) DEFAULT NULL,
  `at_forum_text2` varchar(160) DEFAULT NULL,
  PRIMARY KEY (`id_forum`)
) ENGINE=MyISAM  DEFAULT CHARSET=utf8 AUTO_INCREMENT=90 ;

--
-- Dumping data for table `en_forum`
--

INSERT INTO `en_forum` (`id_forum`, `id_tipper`, `at_forum_type`, `at_forum_text1`, `at_forum_text2`) VALUES
(1, 1, 'F', 'Do, 6. August 18:45 <b>Stefan Meister: </b>', 'Bundesliga ...es geht wieder los!'),
(49, 16, 'F', 'Fri, 07. Aug 08:14 <b>Heiner Schmidt-Gal.: </b>', 'Ich zerbrech mir in Oester-Hurup den Kopf über mein Passwort und dann ist der erste Spiel tag erst in einer Woch Liebe Grüße Heiner'),
(50, 1, 'F', 'Sun, 16. Aug 22:04 <b>Stefan Meister: </b>', 'Chris, nicht schlecht Dein Einstand...!'),
(51, 23, 'F', 'Mon, 17. Aug 11:15 <b>Michel Stobbe: </b>', 'Endlich nach Ewigkeiten mal wieder im Geld...und dann direkt so einen riesen Pott abgesahnt  ;-)'),
(52, 21, 'F', 'Sat, 22. Aug 15:15 <b>Manfred Stark: </b>', 'konnte heute morgen nicht tippen - da offline bzw. SQL-Fehler ... schon OK ... ich krieg ja nen Ouzo :-))'),
(53, 19, 'F', 'Sun, 23. Aug 01:00 <b>Michael Schwarz: </b>', '@Manni: wenn Du offline bist, kannst Du auch nicht tippen. Das verstehe selbst ich!'),
(54, 1, 'F', 'Wed, 26. Aug 09:01 <b>Stefan Meister: </b>', 'Hi, die Spieltage 4-7 sind erfaßt - <br><b>ACHTUNG</b> Der 6. Spieltag findet am Di/Mi, 22. und 23. September statt!!!'),
(55, 17, 'F', 'Thu, 24. Sep 22:21 <b>Ralf Schönfeld: </b>', 'Das letzte Spiel ist Dortmund-Darmstadt....'),
(56, 1, 'F', 'Fri, 25. Sep 10:17 <b>Stefan Meister: </b>', 'Ist korrigiert ! Sorry, wenn jemand seinen Tipp ändern möchte bitte melden!'),
(57, 1, 'F', 'Sun, 20. Dec 19:36 <b>Stefan Meister: </b>', 'Herzlichen Glückwunsch André zum Gesamtsieg! Der genaue Betrag ist auf der Statistikseite (Euro+Bonus) zu sehen. Entweder IBAN DE54200505501484488224 oder bar!'),
(58, 1, 'F', 'Sun, 20. Dec 19:37 <b>Stefan Meister: </b>', '(gilt natürlich nur für die zahlen müssen...)'),
(59, 1, 'F', 'Fri, 22. Jan 12:35 <b>Stefan Meister: </b>', 'Herzlich willkommen den drei neuen Tippern Toni, Alexander und Ulrich!! Viel Spaß :-)'),
(60, 43, 'F', 'Fri, 22. Jan 14:06 <b>Alexander Kintea: </b>', 'Danke, gutes Spiel an alle! Beste Grüße, Alex'),
(61, 17, 'F', 'Fri, 12. Feb 16:56 <b>Ralf Schönfeld: </b>', 'Bei "Tippen" erscheint der 22. Spieltag, nicht der nächste (21.). Kann so nicht tippen !?'),
(62, 17, 'F', 'Fri, 12. Feb 18:10 <b>Ralf Schönfeld: </b>', 'Mein Fehler, alle ok :/'),
(63, 1, 'F', 'Mon, 29. Feb 09:42 <b>Stefan Meister: </b>', 'GANZ WICHTIG!!!! NÄCHST TIPPS BIS DIENSTAG ABEND ABGEBEN!'),
(64, 1, 'F', 'Mon, 29. Feb 09:43 <b>Stefan Meister: </b>', '<b>ACHTUNG   !!!! </b>'),
(65, 8, 'F', 'Tue, 01. Mar 14:12 <b>Marita Kasten: </b>', 'Dankeschön für die Erinnerung &#9917;&#65039;&#9917;&#65039;&#9917;&#65039;'),
(66, 1, 'F', 'Sat, 05. Mar 10:03 <b>Stefan Meister: </b>', 'Hab das Spiel Werder - 96 falsch zeitlich erfasst. Tipps von Schilling 0:0, Heesch 1:1 und Kintea 2:1 habe ich aus den Logdateien korrigiert. '),
(67, 1, 'F', 'Sat, 05. Mar 10:03 <b>Stefan Meister: </b>', 'Wenn noch was falsch ist bitte melden stefan-meister@gmx.de oder whatsApp 01789611270'),
(68, 41, 'F', 'Sun, 06. Mar 19:29 <b>Ulrich Bartels: </b>', 'Hallo und schönen guten Abend! Das Spiel Bayern - Werder am nächsten Wochenende ist falsch erfasst, dort steht Köln - Werder?'),
(69, 7, 'F', 'Thu, 07. Apr 23:24 <b>Stefan Jacobs: </b>', 'Hertha gegen Hannover wurde schon angepfiffen??? ist doch erst Donnerstag...???...;-)))'),
(70, 1, 'F', 'Fri, 08. Apr 09:09 <b>Stefan Meister: </b>', 'sorry, ist korrigiert! '),
(71, 24, 'F', 'Thu, 14. Apr 18:50 <b>Monika Teerling: </b>', 'FC-Augsburg am 16.04.  doppelt  LG Monika '),
(72, 1, 'F', 'Fri, 13. May 09:50 <b>Stefan Meister: </b>', 'Hallo, die Saison ist fast zu Ende. Der genaue Betrag der Gewonnen oder Verloren wurde ist in der Statistikseite unter Eur\n + Bonus zu sehen.\n'),
(73, 1, 'F', 'Fri, 13. May 09:52 <b>Stefan Meister: </b>', 'Meine IBAN ist DE54200505501484488224, wer so sein Minus ausgleichen möchte. Ansonsten mache ich Montag wieder die Runde :-)'),
(74, 1, 'F', 'Fri, 13. May 09:53 <b>Stefan Meister: </b>', 'EM-Tipprunde ist in Vorbereitung, 5 Eur Einsatz \nfür das ganze Tunier, Meldungen für neue Tipper immer gerne!  Viel Spaß '),
(75, 19, 'F', 'Fri, 13. May 22:16 <b>Michael Schwarz: </b>', '@ Stefan: ich zahle ja gerne, aber Montag schmeiß ich dich raus! ;-))'),
(76, 43, 'F', 'Sat, 14. May 15:24 <b>Alexander Kintea: </b>', 'Foto-Finish auf der Zielgeraden. Viel Spaß und Erfolg an alle für den letzten Spieltag!'),
(77, 17, 'F', 'Tue, 07. Jun 20:50 <b>Ralf Schönfeld: </b>', 'Gruppe B ist falsch zusammengestellt; es muss Engl - Russl. und Wales - Slowakei lauten.'),
(78, 1, 'F', 'Thu, 09. Jun 07:31 <b>Stefan Meister: </b>', 'Oh man, sorry! Aus Wales-Russ wurde Wales-Slowakai und aus Slo-Engl wurde Engl-Russland. Bitte prüfen und Änderungen an mich. '),
(79, 1, 'F', 'Mon, 13. Jun 09:28 <b>Stefan Meister: </b>', 'So, 41 Tipper macht ein Gesamtbudget von 205 Euro. Das wird am Ende an die Plätze 1-9 verteilt, Platz 1/35 2/32 3/29 4/26 5/23 6/20 7/17 8/14 9/9'),
(80, 1, 'F', 'Mon, 13. Jun 09:29 <b>Stefan Meister: </b>', 'Also schön, dass Ihr mitmacht und weiterhin viel Spaß'),
(81, 1, 'F', 'Thu, 16. Jun 07:41 <b>Stefan Meister: </b>', 'Das Banner da oben ist ein <b> FEHLER</b>. Ein Relikt von der WM 2014... '),
(82, 46, 'F', 'Thu, 16. Jun 18:37 <b>Ilka Kohfahl: </b>', 'Marlies Marlies LG aus Bacelona'),
(83, 51, 'F', 'Sat, 18. Jun 08:11 <b>Detlef Löhden: </b>', 'Sind zurück aus DK. Leider haben die Tipps per Handy nicht geklappt. Steige jetzt wieder mit Super-Tipps ein.'),
(84, 1, 'F', 'Wed, 22. Jun 11:32 <b>Stefan Meister: </b>', 'Hab schonmal das Achtelfinale erfasst, so wie es sein könnte - aber aufgrund der letzten vier Spiele heute sich noch ändern kann!'),
(85, 1, 'F', 'Wed, 22. Jun 23:50 <b>Stefan Meister: </b>', 'Das <b>Achtelfinale</b> kann getippt werden:-)'),
(86, 1, 'F', 'Thu, 23. Jun 09:16 <b>Stefan Meister: </b>', 'Zur INFO: Ab jetzt können keine Unentschieden mehr vorkommen. Es zählen alle Tore, also auch nach einem Elfmeter schießen!'),
(88, 1, 'F', 'Mon, 11. Jul 07:24 <b>Stefan Meister: </b>', 'Thomas, am Finale nochmal voll durchgestartet! Glückwunsch&#9917;&#65039;&#127942;'),
(89, 52, 'F', 'Mon, 11. Jul 11:31 <b>Marlies Dieregsweiler: </b>', 'Das hat wieder Spaß gemacht !!!');

-- --------------------------------------------------------

--
-- Table structure for table `en_spiel`
--

DROP TABLE IF EXISTS `en_spiel`;
CREATE TABLE IF NOT EXISTS `en_spiel` (
  `id_spiel` int(11) NOT NULL AUTO_INCREMENT,
  `fk_spiel_verein_heim` int(11) NOT NULL,
  `fk_spiel_verein_gast` int(11) NOT NULL,
  `fk_spiel_spieltag` int(11) NOT NULL,
  `fk_spiel_einstellung` int(11) DEFAULT NULL,
  `at_spiel_tore_heim` int(11) DEFAULT NULL,
  `at_spiel_tore_gast` int(11) DEFAULT NULL,
  `at_spiel_is_played` tinyint(1) DEFAULT NULL,
  `at_spiel_anpfiff` datetime DEFAULT NULL,
  PRIMARY KEY (`id_spiel`)
) ENGINE=MyISAM  DEFAULT CHARSET=utf8 AUTO_INCREMENT=55 ;

--
-- Dumping data for table `en_spiel`
--

INSERT INTO `en_spiel` (`id_spiel`, `fk_spiel_verein_heim`, `fk_spiel_verein_gast`, `fk_spiel_spieltag`, `fk_spiel_einstellung`, `at_spiel_tore_heim`, `at_spiel_tore_gast`, `at_spiel_is_played`, `at_spiel_anpfiff`) VALUES
(1, 1, 2, 1, 22, 2, 1, 1, '2016-06-10 21:00:00'),
(2, 3, 4, 1, 22, 0, 1, 1, '2016-06-11 15:00:00'),
(3, 5, 7, 1, 23, 2, 1, 1, '2016-06-11 18:00:00'),
(4, 8, 6, 1, 23, 1, 1, 1, '2016-06-11 21:00:00'),
(5, 9, 10, 1, 24, 1, 0, 1, '2016-06-12 18:00:00'),
(6, 11, 12, 1, 24, 2, 0, 1, '2016-06-12 21:00:00'),
(7, 13, 14, 1, 25, 0, 1, 1, '2016-06-12 15:00:00'),
(8, 15, 16, 1, 25, 1, 0, 1, '2016-06-13 15:00:00'),
(9, 17, 18, 1, 26, 1, 1, 1, '2016-06-13 18:00:00'),
(10, 19, 20, 1, 26, 0, 2, 1, '2016-06-13 21:00:00'),
(11, 21, 22, 1, 27, 0, 2, 1, '2016-06-14 18:00:00'),
(12, 23, 24, 1, 27, 1, 1, 1, '2016-06-14 21:00:00'),
(13, 2, 4, 2, 22, 1, 1, 1, '2016-06-15 18:00:00'),
(14, 1, 3, 2, 22, 2, 0, 1, '2016-06-15 21:00:00'),
(15, 6, 7, 2, 23, 1, 2, 1, '2016-06-15 15:00:00'),
(16, 8, 5, 2, 23, 2, 1, 1, '2016-06-16 15:00:00'),
(17, 12, 10, 2, 24, 0, 2, 1, '2016-06-16 18:00:00'),
(18, 11, 9, 2, 24, 0, 0, 1, '2016-06-16 21:00:00'),
(19, 16, 14, 2, 25, 2, 2, 1, '2016-06-17 18:00:00'),
(20, 15, 13, 2, 25, 3, 0, 1, '2016-06-17 21:00:00'),
(21, 20, 18, 2, 26, 1, 0, 1, '2016-06-17 15:00:00'),
(22, 19, 17, 2, 26, 3, 0, 1, '2016-06-18 15:00:00'),
(23, 24, 22, 2, 27, 1, 1, 1, '2016-06-18 18:00:00'),
(24, 23, 21, 2, 27, 0, 0, 1, '2016-06-18 21:00:00'),
(25, 4, 1, 3, 22, 0, 0, 1, '2016-06-19 21:00:00'),
(26, 2, 3, 3, 22, 0, 1, 1, '2016-06-19 21:00:00'),
(27, 7, 8, 3, 23, 0, 0, 1, '2016-06-20 21:00:00'),
(28, 6, 5, 3, 23, 0, 3, 1, '2016-06-20 21:00:00'),
(29, 12, 9, 3, 24, 0, 1, 1, '2016-06-21 18:00:00'),
(30, 10, 11, 3, 24, 0, 1, 1, '2016-06-21 18:00:00'),
(31, 14, 15, 3, 25, 2, 1, 1, '2016-06-21 21:00:00'),
(32, 16, 13, 3, 25, 0, 2, 1, '2016-06-22 21:00:00'),
(33, 20, 17, 3, 26, 0, 1, 1, '2016-06-22 21:00:00'),
(34, 18, 19, 3, 26, 0, 1, 1, '2016-06-22 18:00:00'),
(35, 22, 23, 3, 27, 3, 3, 1, '2016-06-22 18:00:00'),
(36, 24, 21, 3, 27, 2, 1, 1, '2016-06-23 18:00:00'),
(37, 4, 9, 4, 33, 5, 6, 1, '2016-06-25 15:00:00'),
(38, 5, 10, 4, 33, 1, 0, 1, '2016-06-25 18:00:00'),
(39, 14, 23, 4, 33, 0, 1, 1, '2016-06-25 21:00:00'),
(40, 1, 17, 4, 33, 2, 1, 1, '2016-06-26 15:00:00'),
(41, 11, 7, 4, 33, 3, 0, 1, '2016-06-26 18:00:00'),
(42, 22, 19, 4, 33, 0, 4, 1, '2016-06-26 21:00:00'),
(43, 20, 15, 4, 33, 2, 0, 1, '2016-06-27 18:00:00'),
(44, 8, 24, 4, 33, 1, 2, 1, '2016-06-27 21:00:00'),
(45, 9, 23, 5, 34, 4, 6, 1, '2016-06-30 21:00:00'),
(46, 5, 19, 5, 34, 3, 1, 1, '2016-07-01 21:00:00'),
(47, 11, 20, 5, 34, 7, 6, 1, '2016-07-02 21:00:00'),
(48, 1, 24, 5, 34, 5, 2, 1, '2016-07-03 21:00:00'),
(49, 23, 5, 6, 35, 2, 0, 1, '2016-07-06 21:10:00'),
(50, 11, 1, 6, 35, 0, 2, 1, '2016-07-07 21:00:00'),
(51, 23, 1, 7, 36, 1, 0, 1, '2016-07-10 21:02:00');

-- --------------------------------------------------------

--
-- Table structure for table `en_spieltag`
--

DROP TABLE IF EXISTS `en_spieltag`;
CREATE TABLE IF NOT EXISTS `en_spieltag` (
  `id_spieltag` int(11) NOT NULL AUTO_INCREMENT,
  `fk_spieltag_einstellung` int(11) DEFAULT NULL,
  `at_spieltag_nummer` int(11) NOT NULL,
  `at_spieltag_text` char(30) NOT NULL,
  `at_spieltag_start` date DEFAULT NULL,
  `at_spieltag_ende` date DEFAULT NULL,
  `at_spieltag_paarungen` int(2) NOT NULL,
  `at_spieltag_supertipps` int(2) NOT NULL,
  `at_spieltag_is_started` tinyint(1) NOT NULL,
  `at_spieltag_is_finished` tinyint(1) NOT NULL,
  `at_spieltag_is_duty` tinyint(1) NOT NULL,
  `at_spieltag_kosten` decimal(5,2) NOT NULL,
  `at_spieltag_einsatz` decimal(5,2) NOT NULL,
  PRIMARY KEY (`id_spieltag`)
) ENGINE=MyISAM  DEFAULT CHARSET=utf8 AUTO_INCREMENT=9 ;

--
-- Dumping data for table `en_spieltag`
--

INSERT INTO `en_spieltag` (`id_spieltag`, `fk_spieltag_einstellung`, `at_spieltag_nummer`, `at_spieltag_text`, `at_spieltag_start`, `at_spieltag_ende`, `at_spieltag_paarungen`, `at_spieltag_supertipps`, `at_spieltag_is_started`, `at_spieltag_is_finished`, `at_spieltag_is_duty`, `at_spieltag_kosten`, `at_spieltag_einsatz`) VALUES
(1, 45, 1, 'Erste Gruppenspiele<br>', '2016-06-10', '2016-06-14', 12, 3, 1, 1, 1, 0.00, 0.00),
(2, 45, 2, 'Zweite Gruppenspiele<br>', '2016-06-15', '2016-06-18', 12, 3, 1, 1, 1, 0.00, 0.00),
(3, 45, 3, 'Dritte Gruppenspiele<br>', '2016-06-19', '2016-06-22', 12, 3, 1, 1, 1, 0.00, 0.00),
(4, 45, 4, 'Achtelfinale', '2016-06-25', '2016-06-27', 8, 2, 1, 1, 1, 0.00, 0.00),
(5, 45, 5, 'Viertelfinale', '2016-06-30', '2016-07-03', 4, 1, 1, 1, 1, 0.00, 0.00),
(6, 45, 6, 'Halbfinale', '2016-07-06', '2016-07-07', 2, 1, 1, 1, 1, 0.00, 0.00),
(7, 45, 7, 'Finale', '2016-07-10', '2016-07-10', 1, 1, 1, 1, 1, 0.00, 0.00);

-- --------------------------------------------------------

--
-- Table structure for table `en_tipp`
--

DROP TABLE IF EXISTS `en_tipp`;
CREATE TABLE IF NOT EXISTS `en_tipp` (
  `id_tipp` int(11) NOT NULL AUTO_INCREMENT,
  `id_spiel` int(11) NOT NULL,
  `id_tipper` int(11) NOT NULL,
  `at_tipp_tor_heim` int(1) NOT NULL,
  `at_tipp_tor_gast` int(1) NOT NULL,
  `at_tipp_is_supertipp` tinyint(1) NOT NULL,
  `at_tipp_is_tendenz` tinyint(1) NOT NULL,
  `at_tipp_is_differenz` tinyint(1) NOT NULL,
  `at_tipp_is_exakt` tinyint(1) NOT NULL,
  `at_tipp_is_valid` tinyint(1) NOT NULL,
  `at_tipp_punkte` int(1) NOT NULL,
  `at_tipp_punktem` int(1) NOT NULL,
  `at_tipp_punktek` int(1) NOT NULL,
  PRIMARY KEY (`id_tipp`)
) ENGINE=MyISAM  DEFAULT CHARSET=utf8 AUTO_INCREMENT=2074 ;

--
-- Dumping data for table `en_tipp`
--

INSERT INTO `en_tipp` (`id_tipp`, `id_spiel`, `id_tipper`, `at_tipp_tor_heim`, `at_tipp_tor_gast`, `at_tipp_is_supertipp`, `at_tipp_is_tendenz`, `at_tipp_is_differenz`, `at_tipp_is_exakt`, `at_tipp_is_valid`, `at_tipp_punkte`, `at_tipp_punktem`, `at_tipp_punktek`) VALUES
(1, 1, 1, 2, 0, 0, 1, 0, 0, 1, 1, 1, 1),
(2, 2, 1, 0, 2, 1, 1, 0, 0, 1, 2, 1, -1),
(3, 3, 1, 0, 2, 0, 0, 0, 0, 1, 0, 3, 1),
(4, 4, 1, 0, 1, 0, 0, 0, 0, 1, 0, 1, 1),
(5, 5, 1, 3, 0, 0, 1, 0, 0, 1, 1, 2, -2),
(6, 6, 1, 2, 0, 1, 1, 1, 1, 1, 6, 0, 0),
(7, 7, 1, 0, 1, 0, 1, 1, 1, 1, 3, 0, 0),
(8, 8, 1, 1, 1, 0, 0, 0, 0, 1, 0, 1, -1),
(9, 9, 1, 1, 1, 0, 1, 1, 1, 1, 3, 0, 0),
(10, 10, 1, 1, 1, 1, 0, 0, 0, 1, 0, 2, 0),
(11, 11, 1, 0, 0, 0, 0, 0, 0, 1, 0, 2, 2),
(12, 12, 1, 1, 1, 0, 1, 1, 1, 1, 3, 0, 0),
(13, 1, 44, 1, 0, 0, 1, 1, 0, 1, 2, 0, 2),
(14, 2, 44, 0, 1, 0, 1, 1, 1, 1, 3, 0, 0),
(15, 3, 44, 0, 1, 0, 0, 0, 0, 1, 0, 2, 2),
(16, 4, 44, 1, 0, 0, 0, 0, 0, 1, 0, 1, 1),
(17, 5, 44, 1, 0, 0, 1, 1, 1, 1, 3, 0, 0),
(18, 6, 44, 1, 0, 0, 1, 0, 0, 1, 1, 1, 1),
(19, 7, 44, 0, 1, 1, 1, 1, 1, 1, 6, 0, 0),
(20, 8, 44, 1, 0, 1, 1, 1, 1, 1, 6, 0, 0),
(21, 9, 44, 0, 1, 0, 0, 0, 0, 1, 0, 1, 1),
(22, 10, 44, 1, 1, 0, 0, 0, 0, 1, 0, 2, 0),
(23, 11, 44, 1, 1, 0, 0, 0, 0, 1, 0, 2, 0),
(24, 12, 44, 1, 0, 1, 0, 0, 0, 1, 0, 1, 1),
(25, 1, 23, 3, 0, 1, 1, 0, 0, 1, 2, 2, 0),
(26, 2, 23, 1, 1, 0, 0, 0, 0, 1, 0, 1, -1),
(27, 3, 23, 1, 2, 0, 0, 0, 0, 1, 0, 2, 0),
(28, 4, 23, 1, 2, 0, 0, 0, 0, 1, 0, 1, -1),
(29, 5, 23, 1, 2, 0, 0, 0, 0, 1, 0, 2, -2),
(30, 6, 23, 2, 0, 1, 1, 1, 1, 1, 6, 0, 0),
(31, 7, 23, 1, 2, 0, 1, 1, 0, 1, 2, 0, -2),
(32, 8, 23, 2, 0, 1, 1, 0, 0, 1, 2, 1, -1),
(33, 9, 23, 0, 1, 0, 0, 0, 0, 1, 0, 1, 1),
(34, 10, 23, 1, 0, 0, 0, 0, 0, 1, 0, 3, 1),
(35, 11, 23, 2, 0, 0, 0, 0, 0, 1, 0, 4, 0),
(36, 12, 23, 1, 1, 0, 1, 1, 1, 1, 3, 0, 0),
(37, 1, 27, 1, 0, 0, 1, 1, 0, 1, 2, 0, 2),
(38, 2, 27, 0, 1, 0, 1, 1, 1, 1, 3, 0, 0),
(39, 3, 27, 0, 1, 0, 0, 0, 0, 1, 0, 2, 2),
(40, 4, 27, 0, 1, 0, 0, 0, 0, 1, 0, 1, 1),
(41, 5, 27, 1, 0, 0, 1, 1, 1, 1, 3, 0, 0),
(42, 6, 27, 1, 0, 1, 1, 0, 0, 1, 2, 1, 1),
(43, 7, 27, 0, 1, 0, 1, 1, 1, 1, 3, 0, 0),
(44, 8, 27, 1, 0, 1, 1, 1, 1, 1, 6, 0, 0),
(45, 9, 27, 0, 1, 0, 0, 0, 0, 1, 0, 1, 1),
(46, 10, 27, 0, 1, 1, 1, 0, 0, 1, 2, 1, 1),
(47, 11, 27, 0, 1, 0, 1, 0, 0, 1, 1, 1, 1),
(48, 12, 27, 1, 0, 0, 0, 0, 0, 1, 0, 1, 1),
(49, 13, 27, 1, 0, 0, 0, 0, 0, 1, 0, 1, 1),
(50, 14, 27, 1, 0, 0, 1, 0, 0, 1, 1, 1, 1),
(51, 15, 27, 1, 0, 0, 0, 0, 0, 1, 0, 2, 2),
(52, 16, 27, 1, 0, 0, 1, 1, 0, 1, 2, 0, 2),
(53, 17, 27, 1, 0, 0, 0, 0, 0, 1, 0, 3, 1),
(54, 18, 27, 1, 0, 1, 0, 0, 0, 1, 0, 1, -1),
(55, 19, 27, 1, 0, 0, 0, 0, 0, 1, 0, 1, 3),
(56, 20, 27, 1, 0, 1, 1, 0, 0, 1, 2, 2, 2),
(57, 21, 27, 1, 0, 1, 1, 1, 1, 1, 6, 0, 0),
(58, 22, 27, 0, 1, 0, 0, 0, 0, 1, 0, 4, 2),
(59, 23, 27, 0, 1, 0, 0, 0, 0, 1, 0, 1, 1),
(60, 24, 27, 1, 0, 0, 0, 0, 0, 1, 0, 1, -1),
(61, 25, 27, 0, 1, 0, 0, 0, 0, 1, 0, 1, -1),
(62, 26, 27, 1, 0, 0, 0, 0, 0, 1, 0, 2, 0),
(63, 27, 27, 1, 0, 0, 0, 0, 0, 1, 0, 1, -1),
(64, 28, 27, 1, 0, 0, 0, 0, 0, 1, 0, 4, 2),
(65, 29, 27, 0, 1, 0, 1, 1, 1, 1, 3, 0, 0),
(66, 30, 27, 0, 1, 1, 1, 1, 1, 1, 6, 0, 0),
(67, 31, 27, 0, 1, 1, 0, 0, 0, 1, 0, 2, 2),
(68, 32, 27, 1, 0, 0, 0, 0, 0, 1, 0, 3, 1),
(69, 33, 27, 1, 0, 1, 0, 0, 0, 1, 0, 2, 0),
(70, 34, 27, 1, 0, 0, 0, 0, 0, 1, 0, 2, 0),
(71, 35, 27, 0, 1, 0, 0, 0, 0, 1, 0, 1, 5),
(72, 36, 27, 0, 1, 0, 0, 0, 0, 1, 0, 2, 2),
(73, 1, 3, 2, 0, 0, 1, 0, 0, 1, 1, 1, 1),
(74, 2, 3, 1, 1, 0, 0, 0, 0, 1, 0, 1, -1),
(75, 3, 3, 1, 3, 0, 0, 0, 0, 1, 0, 3, -1),
(76, 4, 3, 0, 1, 1, 0, 0, 0, 1, 0, 1, 1),
(77, 5, 3, 2, 0, 1, 1, 0, 0, 1, 2, 1, -1),
(78, 6, 3, 3, 1, 1, 1, 1, 0, 1, 4, 0, -2),
(79, 7, 3, 1, 2, 0, 1, 1, 0, 1, 2, 0, -2),
(80, 8, 3, 2, 1, 0, 1, 1, 0, 1, 2, 0, -2),
(81, 9, 3, 0, 0, 0, 1, 1, 0, 1, 2, 0, 2),
(82, 10, 3, 1, 1, 0, 0, 0, 0, 1, 0, 2, 0),
(83, 11, 3, 2, 0, 0, 0, 0, 0, 1, 0, 4, 0),
(84, 12, 3, 2, 1, 0, 0, 0, 0, 1, 0, 1, -1),
(85, 1, 49, 2, 0, 0, 1, 0, 0, 1, 1, 1, 1),
(86, 2, 49, 1, 1, 0, 0, 0, 0, 1, 0, 1, -1),
(87, 3, 49, 0, 2, 1, 0, 0, 0, 1, 0, 3, 1),
(88, 4, 49, 1, 1, 0, 1, 1, 1, 1, 3, 0, 0),
(89, 5, 49, 2, 1, 0, 1, 1, 0, 1, 2, 0, -2),
(90, 6, 49, 2, 1, 0, 1, 0, 0, 1, 1, 1, -1),
(91, 7, 49, 2, 2, 0, 0, 0, 0, 1, 0, 1, -3),
(92, 8, 49, 0, 1, 0, 0, 0, 0, 1, 0, 2, 0),
(93, 9, 49, 0, 0, 0, 1, 1, 0, 1, 2, 0, 2),
(94, 10, 49, 1, 3, 1, 1, 1, 0, 1, 4, 0, -2),
(95, 11, 49, 1, 2, 0, 1, 0, 0, 1, 1, 1, -1),
(96, 12, 49, 4, 0, 1, 0, 0, 0, 1, 0, 4, -2),
(97, 1, 54, 2, 1, 0, 1, 1, 1, 1, 3, 0, 0),
(98, 2, 54, 0, 2, 0, 1, 0, 0, 1, 1, 1, -1),
(99, 3, 54, 0, 1, 0, 0, 0, 0, 1, 0, 2, 2),
(100, 4, 54, 0, 2, 0, 0, 0, 0, 1, 0, 2, 0),
(101, 5, 54, 0, 1, 0, 0, 0, 0, 1, 0, 2, 0),
(102, 6, 54, 2, 0, 1, 1, 1, 1, 1, 6, 0, 0),
(103, 7, 54, 1, 1, 0, 0, 0, 0, 1, 0, 1, -1),
(104, 8, 54, 3, 0, 1, 1, 0, 0, 1, 2, 2, -2),
(105, 9, 54, 1, 0, 0, 0, 0, 0, 1, 0, 1, 1),
(106, 10, 54, 0, 2, 0, 1, 1, 1, 1, 3, 0, 0),
(107, 11, 54, 1, 1, 0, 0, 0, 0, 1, 0, 2, 0),
(108, 12, 54, 3, 1, 1, 0, 0, 0, 1, 0, 2, -2),
(109, 1, 21, 2, 0, 1, 1, 0, 0, 1, 2, 1, 1),
(110, 2, 21, 0, 2, 0, 1, 0, 0, 1, 1, 1, -1),
(111, 3, 21, 1, 2, 0, 0, 0, 0, 1, 0, 2, 0),
(112, 4, 21, 2, 1, 1, 0, 0, 0, 1, 0, 1, -1),
(113, 5, 21, 2, 1, 0, 1, 1, 0, 1, 2, 0, -2),
(114, 6, 21, 2, 0, 0, 1, 1, 1, 1, 3, 0, 0),
(115, 7, 21, 2, 1, 0, 0, 0, 0, 1, 0, 2, -2),
(116, 8, 21, 2, 0, 0, 1, 0, 0, 1, 1, 1, -1),
(117, 9, 21, 2, 0, 0, 0, 0, 0, 1, 0, 2, 0),
(118, 10, 21, 1, 3, 0, 1, 1, 0, 1, 2, 0, -2),
(119, 11, 21, 0, 1, 0, 1, 0, 0, 1, 1, 1, 1),
(120, 12, 21, 3, 0, 1, 0, 0, 0, 1, 0, 3, -1),
(121, 1, 46, 3, 1, 0, 1, 0, 0, 1, 1, 1, -1),
(122, 2, 46, 0, 2, 0, 1, 0, 0, 1, 1, 1, -1),
(123, 3, 46, 0, 2, 0, 0, 0, 0, 1, 0, 3, 1),
(124, 4, 46, 1, 3, 0, 0, 0, 0, 1, 0, 2, -2),
(125, 5, 46, 2, 0, 0, 1, 0, 0, 1, 1, 1, -1),
(126, 6, 46, 3, 1, 1, 1, 1, 0, 1, 4, 0, -2),
(127, 7, 46, 1, 1, 0, 0, 0, 0, 1, 0, 1, -1),
(128, 8, 46, 2, 1, 1, 1, 1, 0, 1, 4, 0, -2),
(129, 9, 46, 1, 1, 0, 1, 1, 1, 1, 3, 0, 0),
(130, 10, 46, 1, 3, 0, 1, 1, 0, 1, 2, 0, -2),
(131, 11, 46, 1, 2, 0, 1, 0, 0, 1, 1, 1, -1),
(132, 12, 46, 2, 0, 1, 0, 0, 0, 1, 0, 2, 0),
(133, 1, 20, 2, 0, 1, 1, 0, 0, 1, 2, 1, 1),
(134, 2, 20, 0, 1, 0, 1, 1, 1, 1, 3, 0, 0),
(135, 3, 20, 1, 1, 0, 0, 0, 0, 1, 0, 1, 1),
(136, 4, 20, 1, 0, 0, 0, 0, 0, 1, 0, 1, 1),
(137, 5, 20, 1, 0, 0, 1, 1, 1, 1, 3, 0, 0),
(138, 6, 20, 2, 0, 1, 1, 1, 1, 1, 6, 0, 0),
(139, 7, 20, 0, 1, 0, 1, 1, 1, 1, 3, 0, 0),
(140, 8, 20, 1, 0, 1, 1, 1, 1, 1, 6, 0, 0),
(141, 9, 20, 0, 1, 0, 0, 0, 0, 1, 0, 1, 1),
(142, 10, 20, 1, 0, 0, 0, 0, 0, 1, 0, 3, 1),
(143, 11, 20, 1, 0, 0, 0, 0, 0, 1, 0, 3, 1),
(144, 12, 20, 2, 1, 0, 0, 0, 0, 1, 0, 1, -1),
(145, 1, 4, 2, 1, 0, 1, 1, 1, 1, 3, 0, 0),
(146, 2, 4, 0, 3, 0, 1, 0, 0, 1, 1, 2, -2),
(147, 3, 4, 1, 3, 0, 0, 0, 0, 1, 0, 3, -1),
(148, 4, 4, 1, 2, 0, 0, 0, 0, 1, 0, 1, -1),
(149, 5, 4, 2, 1, 0, 1, 1, 0, 1, 2, 0, -2),
(150, 6, 4, 2, 0, 1, 1, 1, 1, 1, 6, 0, 0),
(151, 7, 4, 1, 2, 0, 1, 1, 0, 1, 2, 0, -2),
(152, 8, 4, 2, 0, 1, 1, 0, 0, 1, 2, 1, -1),
(153, 9, 4, 1, 2, 0, 0, 0, 0, 1, 0, 1, -1),
(154, 10, 4, 2, 1, 0, 0, 0, 0, 1, 0, 3, -1),
(155, 11, 4, 1, 1, 0, 0, 0, 0, 1, 0, 2, 0),
(156, 12, 4, 3, 0, 1, 0, 0, 0, 1, 0, 3, -1),
(157, 1, 16, 3, 0, 0, 1, 0, 0, 1, 1, 2, 0),
(158, 2, 16, 0, 2, 1, 1, 0, 0, 1, 2, 1, -1),
(159, 3, 16, 0, 1, 0, 0, 0, 0, 1, 0, 2, 2),
(160, 4, 16, 0, 2, 0, 0, 0, 0, 1, 0, 2, 0),
(161, 5, 16, 3, 0, 0, 1, 0, 0, 1, 1, 2, -2),
(162, 6, 16, 3, 0, 1, 1, 0, 0, 1, 2, 1, -1),
(163, 7, 16, 1, 1, 0, 0, 0, 0, 1, 0, 1, -1),
(164, 8, 16, 2, 1, 0, 1, 1, 0, 1, 2, 0, -2),
(165, 9, 16, 0, 0, 0, 1, 1, 0, 1, 2, 0, 2),
(166, 10, 16, 1, 2, 0, 1, 0, 0, 1, 1, 1, -1),
(167, 11, 16, 1, 1, 0, 0, 0, 0, 1, 0, 2, 0),
(168, 12, 16, 3, 0, 1, 0, 0, 0, 1, 0, 3, -1),
(169, 1, 11, 2, 0, 1, 1, 0, 0, 1, 2, 1, 1),
(170, 2, 11, 1, 1, 0, 0, 0, 0, 1, 0, 1, -1),
(171, 3, 11, 1, 3, 0, 0, 0, 0, 1, 0, 3, -1),
(172, 4, 11, 2, 2, 0, 1, 1, 0, 1, 2, 0, -2),
(173, 5, 11, 2, 0, 0, 1, 0, 0, 1, 1, 1, -1),
(174, 6, 11, 2, 1, 1, 1, 0, 0, 1, 2, 1, -1),
(175, 7, 11, 1, 2, 0, 1, 1, 0, 1, 2, 0, -2),
(176, 8, 11, 2, 2, 0, 0, 0, 0, 1, 0, 1, -3),
(177, 9, 11, 1, 1, 0, 1, 1, 1, 1, 3, 0, 0),
(178, 10, 11, 1, 2, 0, 1, 0, 0, 1, 1, 1, -1),
(179, 11, 11, 2, 1, 0, 0, 0, 0, 1, 0, 3, -1),
(180, 12, 11, 1, 2, 1, 0, 0, 0, 1, 0, 1, -1),
(181, 1, 38, 1, 1, 0, 0, 0, 0, 1, 0, 1, 1),
(182, 2, 38, 1, 2, 0, 1, 1, 0, 1, 2, 0, -2),
(183, 3, 38, 2, 1, 0, 1, 1, 1, 1, 3, 0, 0),
(184, 4, 38, 3, 1, 1, 0, 0, 0, 1, 0, 2, -2),
(185, 5, 38, 3, 2, 0, 1, 1, 0, 1, 2, 0, -4),
(186, 6, 38, 1, 0, 1, 1, 0, 0, 1, 2, 1, 1),
(187, 7, 38, 2, 2, 0, 0, 0, 0, 1, 0, 1, -3),
(188, 8, 38, 0, 1, 0, 0, 0, 0, 1, 0, 2, 0),
(189, 9, 38, 1, 2, 1, 0, 0, 0, 1, 0, 1, -1),
(190, 10, 38, 0, 1, 0, 1, 0, 0, 1, 1, 1, 1),
(191, 11, 38, 1, 1, 0, 0, 0, 0, 1, 0, 2, 0),
(192, 12, 38, 2, 0, 0, 0, 0, 0, 1, 0, 2, 0),
(193, 1, 18, 2, 0, 1, 1, 0, 0, 1, 2, 1, 1),
(194, 2, 18, 0, 1, 0, 1, 1, 1, 1, 3, 0, 0),
(195, 3, 18, 1, 2, 0, 0, 0, 0, 1, 0, 2, 0),
(196, 4, 18, 2, 1, 0, 0, 0, 0, 1, 0, 1, -1),
(197, 5, 18, 1, 0, 0, 1, 1, 1, 1, 3, 0, 0),
(198, 6, 18, 2, 0, 1, 1, 1, 1, 1, 6, 0, 0),
(199, 7, 18, 1, 1, 1, 0, 0, 0, 1, 0, 1, -1),
(200, 8, 18, 2, 1, 0, 1, 1, 0, 1, 2, 0, -2),
(201, 9, 18, 0, 1, 0, 0, 0, 0, 1, 0, 1, 1),
(202, 10, 18, 1, 1, 0, 0, 0, 0, 1, 0, 2, 0),
(203, 11, 18, 2, 1, 0, 0, 0, 0, 1, 0, 3, -1),
(204, 12, 18, 2, 1, 0, 0, 0, 0, 1, 0, 1, -1),
(205, 1, 17, 2, 0, 1, 1, 0, 0, 1, 2, 1, 1),
(206, 2, 17, 1, 2, 0, 1, 1, 0, 1, 2, 0, -2),
(207, 3, 17, 1, 2, 0, 0, 0, 0, 1, 0, 2, 0),
(208, 4, 17, 2, 0, 0, 0, 0, 0, 1, 0, 2, 0),
(209, 5, 17, 2, 1, 0, 1, 1, 0, 1, 2, 0, -2),
(210, 6, 17, 2, 0, 1, 1, 1, 1, 1, 6, 0, 0),
(211, 7, 17, 1, 1, 0, 0, 0, 0, 1, 0, 1, -1),
(212, 8, 17, 2, 0, 1, 1, 0, 0, 1, 2, 1, -1),
(213, 9, 17, 1, 1, 0, 1, 1, 1, 1, 3, 0, 0),
(214, 10, 17, 1, 1, 0, 0, 0, 0, 1, 0, 2, 0),
(215, 11, 17, 2, 1, 0, 0, 0, 0, 1, 0, 3, -1),
(216, 12, 17, 2, 0, 0, 0, 0, 0, 1, 0, 2, 0),
(217, 1, 8, 2, 0, 1, 1, 0, 0, 1, 2, 1, 1),
(218, 2, 8, 1, 3, 0, 1, 0, 0, 1, 1, 1, -3),
(219, 3, 8, 1, 1, 0, 0, 0, 0, 1, 0, 1, 1),
(220, 4, 8, 2, 1, 0, 0, 0, 0, 1, 0, 1, -1),
(221, 5, 8, 2, 0, 0, 1, 0, 0, 1, 1, 1, -1),
(222, 6, 8, 1, 0, 0, 1, 0, 0, 1, 1, 1, 1),
(223, 7, 8, 2, 2, 0, 0, 0, 0, 1, 0, 1, -3),
(224, 8, 8, 1, 0, 1, 1, 1, 1, 1, 6, 0, 0),
(225, 9, 8, 1, 2, 0, 0, 0, 0, 1, 0, 1, -1),
(226, 10, 8, 1, 2, 1, 1, 0, 0, 1, 2, 1, -1),
(227, 11, 8, 1, 1, 0, 0, 0, 0, 1, 0, 2, 0),
(228, 12, 8, 2, 0, 0, 0, 0, 0, 1, 0, 2, 0),
(229, 1, 45, 1, 0, 1, 1, 1, 0, 1, 4, 0, 2),
(230, 2, 45, 0, 1, 0, 1, 1, 1, 1, 3, 0, 0),
(231, 3, 45, 1, 1, 0, 0, 0, 0, 1, 0, 1, 1),
(232, 4, 45, 1, 0, 0, 0, 0, 0, 1, 0, 1, 1),
(233, 5, 45, 1, 0, 0, 1, 1, 1, 1, 3, 0, 0),
(234, 6, 45, 1, 0, 0, 1, 0, 0, 1, 1, 1, 1),
(235, 7, 45, 0, 1, 0, 1, 1, 1, 1, 3, 0, 0),
(236, 8, 45, 1, 0, 1, 1, 1, 1, 1, 6, 0, 0),
(237, 9, 45, 0, 1, 0, 0, 0, 0, 1, 0, 1, 1),
(238, 10, 45, 1, 1, 0, 0, 0, 0, 1, 0, 2, 0),
(239, 11, 45, 0, 0, 0, 0, 0, 0, 1, 0, 2, 2),
(240, 12, 45, 2, 0, 1, 0, 0, 0, 1, 0, 2, 0),
(241, 1, 53, 2, 1, 0, 1, 1, 1, 1, 3, 0, 0),
(242, 2, 53, 0, 1, 0, 1, 1, 1, 1, 3, 0, 0),
(243, 3, 53, 1, 1, 0, 0, 0, 0, 1, 0, 1, 1),
(244, 4, 53, 2, 0, 0, 0, 0, 0, 1, 0, 2, 0),
(245, 5, 53, 1, 0, 0, 1, 1, 1, 1, 3, 0, 0),
(246, 6, 53, 1, 0, 1, 1, 0, 0, 1, 2, 1, 1),
(247, 7, 53, 1, 1, 0, 0, 0, 0, 1, 0, 1, -1),
(248, 8, 53, 2, 1, 1, 1, 1, 0, 1, 4, 0, -2),
(249, 9, 53, 1, 2, 0, 0, 0, 0, 1, 0, 1, -1),
(250, 10, 53, 1, 2, 0, 1, 0, 0, 1, 1, 1, -1),
(251, 11, 53, 2, 1, 0, 0, 0, 0, 1, 0, 3, -1),
(252, 12, 53, 3, 1, 1, 0, 0, 0, 1, 0, 2, -2),
(253, 1, 47, 2, 0, 1, 1, 0, 0, 1, 2, 1, 1),
(254, 2, 47, 0, 1, 0, 1, 1, 1, 1, 3, 0, 0),
(255, 3, 47, 1, 2, 0, 0, 0, 0, 1, 0, 2, 0),
(256, 4, 47, 1, 2, 0, 0, 0, 0, 1, 0, 1, -1),
(257, 5, 47, 2, 0, 0, 1, 0, 0, 1, 1, 1, -1),
(258, 6, 47, 2, 0, 1, 1, 1, 1, 1, 6, 0, 0),
(259, 7, 47, 1, 1, 0, 0, 0, 0, 1, 0, 1, -1),
(260, 8, 47, 2, 0, 1, 1, 0, 0, 1, 2, 1, -1),
(261, 9, 47, 1, 2, 0, 0, 0, 0, 1, 0, 1, -1),
(262, 10, 47, 1, 1, 0, 0, 0, 0, 1, 0, 2, 0),
(263, 11, 47, 2, 1, 0, 0, 0, 0, 1, 0, 3, -1),
(264, 12, 47, 2, 1, 0, 0, 0, 0, 1, 0, 1, -1),
(265, 1, 40, 2, 0, 1, 1, 0, 0, 1, 2, 1, 1),
(266, 2, 40, 0, 1, 0, 1, 1, 1, 1, 3, 0, 0),
(267, 3, 40, 1, 1, 0, 0, 0, 0, 1, 0, 1, 1),
(268, 4, 40, 2, 0, 0, 0, 0, 0, 1, 0, 2, 0),
(269, 5, 40, 3, 1, 0, 1, 0, 0, 1, 1, 1, -3),
(270, 6, 40, 2, 0, 1, 1, 1, 1, 1, 6, 0, 0),
(271, 7, 40, 1, 2, 0, 1, 1, 0, 1, 2, 0, -2),
(272, 8, 40, 2, 0, 0, 1, 0, 0, 1, 1, 1, -1),
(273, 9, 40, 0, 1, 0, 0, 0, 0, 1, 0, 1, 1),
(274, 10, 40, 2, 2, 0, 0, 0, 0, 1, 0, 2, -2),
(275, 11, 40, 2, 1, 1, 0, 0, 0, 1, 0, 3, -1),
(276, 12, 40, 2, 0, 0, 0, 0, 0, 1, 0, 2, 0),
(277, 1, 48, 3, 0, 0, 1, 0, 0, 1, 1, 2, 0),
(278, 2, 48, 0, 1, 0, 1, 1, 1, 1, 3, 0, 0),
(279, 3, 48, 1, 2, 0, 0, 0, 0, 1, 0, 2, 0),
(280, 4, 48, 3, 0, 1, 0, 0, 0, 1, 0, 3, -1),
(281, 5, 48, 3, 0, 0, 1, 0, 0, 1, 1, 2, -2),
(282, 6, 48, 3, 0, 1, 1, 0, 0, 1, 2, 1, -1),
(283, 7, 48, 1, 3, 0, 1, 0, 0, 1, 1, 1, -3),
(284, 8, 48, 2, 2, 0, 0, 0, 0, 1, 0, 1, -3),
(285, 9, 48, 2, 1, 0, 0, 0, 0, 1, 0, 1, -1),
(286, 10, 48, 0, 2, 0, 1, 1, 1, 1, 3, 0, 0),
(287, 11, 48, 1, 1, 0, 0, 0, 0, 1, 0, 2, 0),
(288, 12, 48, 3, 0, 1, 0, 0, 0, 1, 0, 3, -1),
(289, 1, 19, 2, 1, 0, 1, 1, 1, 1, 3, 0, 0),
(290, 2, 19, 1, 3, 0, 1, 0, 0, 1, 1, 1, -3),
(291, 3, 19, 1, 1, 0, 0, 0, 0, 1, 0, 1, 1),
(292, 4, 19, 2, 0, 0, 0, 0, 0, 1, 0, 2, 0),
(293, 5, 19, 2, 0, 1, 1, 0, 0, 1, 2, 1, -1),
(294, 6, 19, 2, 0, 0, 1, 1, 1, 1, 3, 0, 0),
(295, 7, 19, 0, 2, 0, 1, 0, 0, 1, 1, 1, -1),
(296, 8, 19, 3, 0, 1, 1, 0, 0, 1, 2, 2, -2),
(297, 9, 19, 1, 2, 0, 0, 0, 0, 1, 0, 1, -1),
(298, 10, 19, 1, 2, 0, 1, 0, 0, 1, 1, 1, -1),
(299, 11, 19, 1, 1, 0, 0, 0, 0, 1, 0, 2, 0),
(300, 12, 19, 2, 0, 1, 0, 0, 0, 1, 0, 2, 0),
(301, 1, 22, 0, 0, 0, 0, 0, 0, 1, 0, 1, 3),
(302, 2, 22, 0, 2, 0, 1, 0, 0, 1, 1, 1, -1),
(303, 3, 22, 1, 2, 0, 0, 0, 0, 1, 0, 2, 0),
(304, 4, 22, 4, 1, 0, 0, 0, 0, 1, 0, 3, -3),
(305, 5, 22, 3, 1, 0, 1, 0, 0, 1, 1, 1, -3),
(306, 6, 22, 2, 0, 1, 1, 1, 1, 1, 6, 0, 0),
(307, 7, 22, 1, 2, 0, 1, 1, 0, 1, 2, 0, -2),
(308, 8, 22, 1, 1, 0, 0, 0, 0, 1, 0, 1, -1),
(309, 9, 22, 2, 2, 0, 1, 1, 0, 1, 2, 0, -2),
(310, 10, 22, 0, 2, 1, 1, 1, 1, 1, 6, 0, 0),
(311, 11, 22, 1, 2, 0, 1, 0, 0, 1, 1, 1, -1),
(312, 12, 22, 4, 0, 1, 0, 0, 0, 1, 0, 4, -2),
(313, 1, 24, 3, 1, 0, 1, 0, 0, 1, 1, 1, -1),
(314, 2, 24, 1, 2, 0, 1, 1, 0, 1, 2, 0, -2),
(315, 3, 24, 1, 1, 0, 0, 0, 0, 1, 0, 1, 1),
(316, 4, 24, 1, 2, 1, 0, 0, 0, 1, 0, 1, -1),
(317, 5, 24, 2, 2, 0, 0, 0, 0, 1, 0, 1, -3),
(318, 6, 24, 3, 1, 1, 1, 1, 0, 1, 4, 0, -2),
(319, 7, 24, 1, 3, 0, 1, 0, 0, 1, 1, 1, -3),
(320, 8, 24, 2, 1, 1, 1, 1, 0, 1, 4, 0, -2),
(321, 9, 24, 1, 3, 0, 0, 0, 0, 1, 0, 2, -2),
(322, 10, 24, 0, 3, 0, 1, 0, 0, 1, 1, 1, -1),
(323, 11, 24, 1, 2, 0, 1, 0, 0, 1, 1, 1, -1),
(324, 12, 24, 2, 1, 0, 0, 0, 0, 1, 0, 1, -1),
(325, 1, 12, 2, 0, 0, 1, 0, 0, 1, 1, 1, 1),
(326, 2, 12, 0, 2, 0, 1, 0, 0, 1, 1, 1, -1),
(327, 3, 12, 1, 1, 0, 0, 0, 0, 1, 0, 1, 1),
(328, 4, 12, 2, 1, 0, 0, 0, 0, 1, 0, 1, -1),
(329, 5, 12, 1, 0, 1, 1, 1, 1, 1, 6, 0, 0),
(330, 6, 12, 2, 0, 1, 1, 1, 1, 1, 6, 0, 0),
(331, 7, 12, 0, 1, 0, 1, 1, 1, 1, 3, 0, 0),
(332, 8, 12, 3, 1, 0, 1, 0, 0, 1, 1, 1, -3),
(333, 9, 12, 0, 1, 0, 0, 0, 0, 1, 0, 1, 1),
(334, 10, 12, 0, 1, 0, 1, 0, 0, 1, 1, 1, 1),
(335, 11, 12, 2, 0, 0, 0, 0, 0, 1, 0, 4, 0),
(336, 12, 12, 2, 0, 1, 0, 0, 0, 1, 0, 2, 0),
(337, 1, 13, 2, 0, 1, 1, 0, 0, 1, 2, 1, 1),
(338, 2, 13, 1, 2, 0, 1, 1, 0, 1, 2, 0, -2),
(339, 3, 13, 1, 2, 0, 0, 0, 0, 1, 0, 2, 0),
(340, 4, 13, 2, 2, 0, 1, 1, 0, 1, 2, 0, -2),
(341, 5, 13, 2, 0, 0, 1, 0, 0, 1, 1, 1, -1),
(342, 6, 13, 3, 1, 0, 1, 1, 0, 1, 2, 0, -2),
(343, 7, 13, 1, 2, 0, 1, 1, 0, 1, 2, 0, -2),
(344, 8, 13, 2, 0, 1, 1, 0, 0, 1, 2, 1, -1),
(345, 9, 13, 1, 1, 0, 1, 1, 1, 1, 3, 0, 0),
(346, 10, 13, 2, 0, 0, 0, 0, 0, 1, 0, 4, 0),
(347, 11, 13, 1, 0, 0, 0, 0, 0, 1, 0, 3, 1),
(348, 12, 13, 3, 0, 1, 0, 0, 0, 1, 0, 3, -1),
(349, 1, 55, 2, 0, 1, 1, 0, 0, 1, 2, 1, 1),
(350, 2, 55, 1, 1, 0, 0, 0, 0, 1, 0, 1, -1),
(351, 3, 55, 1, 0, 0, 1, 1, 0, 1, 2, 0, 2),
(352, 4, 55, 2, 0, 0, 0, 0, 0, 1, 0, 2, 0),
(353, 5, 55, 1, 0, 0, 1, 1, 1, 1, 3, 0, 0),
(354, 6, 55, 2, 1, 0, 1, 0, 0, 1, 1, 1, -1),
(355, 7, 55, 2, 2, 0, 0, 0, 0, 1, 0, 1, -3),
(356, 8, 55, 3, 1, 1, 1, 0, 0, 1, 2, 1, -3),
(357, 9, 55, 0, 1, 0, 0, 0, 0, 1, 0, 1, 1),
(358, 10, 55, 1, 1, 0, 0, 0, 0, 1, 0, 2, 0),
(359, 11, 55, 0, 0, 0, 0, 0, 0, 1, 0, 2, 2),
(360, 12, 55, 2, 0, 1, 0, 0, 0, 1, 0, 2, 0),
(361, 1, 7, 2, 0, 1, 1, 0, 0, 1, 2, 1, 1),
(362, 2, 7, 1, 1, 0, 0, 0, 0, 1, 0, 1, -1),
(363, 3, 7, 2, 2, 0, 0, 0, 0, 1, 0, 1, -1),
(364, 4, 7, 2, 1, 0, 0, 0, 0, 1, 0, 1, -1),
(365, 5, 7, 2, 0, 1, 1, 0, 0, 1, 2, 1, -1),
(366, 6, 7, 1, 0, 0, 1, 0, 0, 1, 1, 1, 1),
(367, 7, 7, 1, 2, 0, 1, 1, 0, 1, 2, 0, -2),
(368, 8, 7, 3, 0, 1, 1, 0, 0, 1, 2, 2, -2),
(369, 9, 7, 1, 2, 0, 0, 0, 0, 1, 0, 1, -1),
(370, 10, 7, 2, 1, 0, 0, 0, 0, 1, 0, 3, -1),
(371, 11, 7, 1, 1, 0, 0, 0, 0, 1, 0, 2, 0),
(372, 12, 7, 1, 1, 0, 1, 1, 1, 1, 3, 0, 0),
(373, 1, 5, 1, 0, 1, 1, 1, 0, 1, 4, 0, 2),
(374, 2, 5, 0, 0, 0, 0, 0, 0, 1, 0, 1, 1),
(375, 3, 5, 1, 2, 0, 0, 0, 0, 1, 0, 2, 0),
(376, 4, 5, 2, 0, 1, 0, 0, 0, 1, 0, 2, 0),
(377, 5, 5, 2, 0, 0, 1, 0, 0, 1, 1, 1, -1),
(378, 6, 5, 2, 0, 0, 1, 1, 1, 1, 3, 0, 0),
(379, 7, 5, 1, 3, 0, 1, 0, 0, 1, 1, 1, -3),
(380, 8, 5, 2, 1, 0, 1, 1, 0, 1, 2, 0, -2),
(381, 9, 5, 1, 1, 0, 1, 1, 1, 1, 3, 0, 0),
(382, 10, 5, 1, 2, 0, 1, 0, 0, 1, 1, 1, -1),
(383, 11, 5, 1, 1, 0, 0, 0, 0, 1, 0, 2, 0),
(384, 12, 5, 2, 0, 1, 0, 0, 0, 1, 0, 2, 0),
(385, 1, 28, 1, 0, 1, 1, 1, 0, 1, 4, 0, 2),
(386, 2, 28, 0, 1, 0, 1, 1, 1, 1, 3, 0, 0),
(387, 3, 28, 1, 0, 0, 1, 1, 0, 1, 2, 0, 2),
(388, 4, 28, 1, 0, 0, 0, 0, 0, 1, 0, 1, 1),
(389, 5, 28, 1, 0, 0, 1, 1, 1, 1, 3, 0, 0),
(390, 6, 28, 1, 0, 1, 1, 0, 0, 1, 2, 1, 1),
(391, 7, 28, 0, 1, 0, 1, 1, 1, 1, 3, 0, 0),
(392, 8, 28, 1, 0, 1, 1, 1, 1, 1, 6, 0, 0),
(393, 9, 28, 1, 0, 0, 0, 0, 0, 1, 0, 1, 1),
(394, 10, 28, 1, 0, 0, 0, 0, 0, 1, 0, 3, 1),
(395, 11, 28, 1, 0, 0, 0, 0, 0, 1, 0, 3, 1),
(396, 12, 28, 1, 0, 0, 0, 0, 0, 1, 0, 1, 1),
(397, 13, 28, 0, 1, 0, 0, 0, 0, 1, 0, 1, 1),
(398, 14, 28, 1, 0, 1, 1, 0, 0, 1, 2, 1, 1),
(399, 15, 28, 1, 0, 0, 0, 0, 0, 1, 0, 2, 2),
(400, 16, 28, 1, 0, 0, 1, 1, 0, 1, 2, 0, 2),
(401, 17, 28, 1, 0, 0, 0, 0, 0, 1, 0, 3, 1),
(402, 18, 28, 1, 0, 1, 0, 0, 0, 1, 0, 1, -1),
(403, 19, 28, 1, 0, 0, 0, 0, 0, 1, 0, 1, 3),
(404, 20, 28, 1, 0, 1, 1, 0, 0, 1, 2, 2, 2),
(405, 21, 28, 1, 0, 0, 1, 1, 1, 1, 3, 0, 0),
(406, 22, 28, 1, 0, 0, 1, 0, 0, 1, 1, 2, 2),
(407, 23, 28, 1, 0, 0, 0, 0, 0, 1, 0, 1, 1),
(408, 24, 28, 1, 0, 0, 0, 0, 0, 1, 0, 1, -1),
(409, 25, 28, 0, 1, 1, 0, 0, 0, 1, 0, 1, -1),
(410, 26, 28, 1, 0, 0, 0, 0, 0, 1, 0, 2, 0),
(411, 27, 28, 0, 1, 0, 0, 0, 0, 1, 0, 1, -1),
(412, 28, 28, 1, 0, 0, 0, 0, 0, 1, 0, 4, 2),
(413, 29, 28, 0, 1, 0, 1, 1, 1, 1, 3, 0, 0),
(414, 30, 28, 0, 1, 1, 1, 1, 1, 1, 6, 0, 0),
(415, 31, 28, 0, 1, 1, 0, 0, 0, 1, 0, 2, 2),
(416, 32, 28, 1, 0, 0, 0, 0, 0, 1, 0, 3, 1),
(417, 33, 28, 1, 0, 0, 0, 0, 0, 1, 0, 2, 0),
(418, 34, 28, 0, 1, 0, 1, 1, 1, 1, 3, 0, 0),
(419, 35, 28, 0, 1, 0, 0, 0, 0, 1, 0, 1, 5),
(420, 36, 28, 0, 1, 0, 0, 0, 0, 1, 0, 2, 2),
(421, 1, 26, 1, 0, 1, 1, 1, 0, 1, 4, 0, 2),
(422, 2, 26, 0, 2, 0, 1, 0, 0, 1, 1, 1, -1),
(423, 3, 26, 1, 2, 0, 0, 0, 0, 1, 0, 2, 0),
(424, 4, 26, 2, 2, 0, 1, 1, 0, 1, 2, 0, -2),
(425, 5, 26, 2, 0, 0, 1, 0, 0, 1, 1, 1, -1),
(426, 6, 26, 1, 0, 0, 1, 0, 0, 1, 1, 1, 1),
(427, 7, 26, 2, 1, 0, 0, 0, 0, 1, 0, 2, -2),
(428, 8, 26, 3, 0, 1, 1, 0, 0, 1, 2, 2, -2),
(429, 9, 26, 1, 1, 0, 1, 1, 1, 1, 3, 0, 0),
(430, 10, 26, 0, 1, 0, 1, 0, 0, 1, 1, 1, 1),
(431, 11, 26, 1, 1, 0, 0, 0, 0, 1, 0, 2, 0),
(432, 12, 26, 3, 0, 1, 0, 0, 0, 1, 0, 3, -1),
(433, 1, 9, 2, 0, 0, 1, 0, 0, 1, 1, 1, 1),
(434, 2, 9, 0, 2, 0, 1, 0, 0, 1, 1, 1, -1),
(435, 3, 9, 2, 1, 0, 1, 1, 1, 1, 3, 0, 0),
(436, 4, 9, 2, 1, 0, 0, 0, 0, 1, 0, 1, -1),
(437, 5, 9, 2, 0, 0, 1, 0, 0, 1, 1, 1, -1),
(438, 6, 9, 2, 0, 1, 1, 1, 1, 1, 6, 0, 0),
(439, 7, 9, 0, 1, 0, 1, 1, 1, 1, 3, 0, 0),
(440, 8, 9, 2, 0, 1, 1, 0, 0, 1, 2, 1, -1),
(441, 9, 9, 1, 3, 0, 0, 0, 0, 1, 0, 2, -2),
(442, 10, 9, 2, 1, 0, 0, 0, 0, 1, 0, 3, -1),
(443, 11, 9, 2, 0, 0, 0, 0, 0, 1, 0, 4, 0),
(444, 12, 9, 2, 0, 1, 0, 0, 0, 1, 0, 2, 0),
(445, 1, 39, 3, 1, 0, 1, 0, 0, 1, 1, 1, -1),
(446, 2, 39, 0, 2, 0, 1, 0, 0, 1, 1, 1, -1),
(447, 3, 39, 1, 1, 0, 0, 0, 0, 1, 0, 1, 1),
(448, 4, 39, 2, 1, 0, 0, 0, 0, 1, 0, 1, -1),
(449, 5, 39, 3, 0, 0, 1, 0, 0, 1, 1, 2, -2),
(450, 6, 39, 4, 1, 1, 1, 0, 0, 1, 2, 1, -3),
(451, 7, 39, 2, 2, 0, 0, 0, 0, 1, 0, 1, -3),
(452, 8, 39, 3, 0, 0, 1, 0, 0, 1, 1, 2, -2),
(453, 9, 39, 1, 3, 1, 0, 0, 0, 1, 0, 2, -2),
(454, 10, 39, 2, 1, 1, 0, 0, 0, 1, 0, 3, -1),
(455, 11, 39, 0, 0, 0, 0, 0, 0, 1, 0, 2, 2),
(456, 12, 39, 3, 0, 0, 0, 0, 0, 1, 0, 3, -1),
(457, 1, 15, 1, 0, 0, 1, 1, 0, 1, 2, 0, 2),
(458, 2, 15, 0, 2, 0, 1, 0, 0, 1, 1, 1, -1),
(459, 3, 15, 1, 1, 0, 0, 0, 0, 1, 0, 1, 1),
(460, 4, 15, 1, 0, 0, 0, 0, 0, 1, 0, 1, 1),
(461, 5, 15, 2, 1, 0, 1, 1, 0, 1, 2, 0, -2),
(462, 6, 15, 2, 0, 1, 1, 1, 1, 1, 6, 0, 0),
(463, 7, 15, 2, 2, 0, 0, 0, 0, 1, 0, 1, -3),
(464, 8, 15, 2, 0, 1, 1, 0, 0, 1, 2, 1, -1),
(465, 9, 15, 1, 2, 0, 0, 0, 0, 1, 0, 1, -1),
(466, 10, 15, 1, 1, 0, 0, 0, 0, 1, 0, 2, 0),
(467, 11, 15, 1, 1, 0, 0, 0, 0, 1, 0, 2, 0),
(468, 12, 15, 2, 1, 1, 0, 0, 0, 1, 0, 1, -1),
(469, 1, 50, 2, 0, 1, 1, 0, 0, 1, 2, 1, 1),
(470, 2, 50, 1, 2, 0, 1, 1, 0, 1, 2, 0, -2),
(471, 3, 50, 1, 1, 0, 0, 0, 0, 1, 0, 1, 1),
(472, 4, 50, 2, 1, 0, 0, 0, 0, 1, 0, 1, -1),
(473, 5, 50, 2, 0, 0, 1, 0, 0, 1, 1, 1, -1),
(474, 6, 50, 2, 0, 1, 1, 1, 1, 1, 6, 0, 0),
(475, 7, 50, 1, 1, 0, 0, 0, 0, 1, 0, 1, -1),
(476, 8, 50, 2, 0, 1, 1, 0, 0, 1, 2, 1, -1),
(477, 9, 50, 1, 2, 0, 0, 0, 0, 1, 0, 1, -1),
(478, 10, 50, 1, 1, 0, 0, 0, 0, 1, 0, 2, 0),
(479, 11, 50, 2, 1, 0, 0, 0, 0, 1, 0, 3, -1),
(480, 12, 50, 2, 0, 0, 0, 0, 0, 1, 0, 2, 0),
(481, 1, 25, 2, 0, 0, 1, 0, 0, 1, 1, 1, 1),
(482, 2, 25, 0, 1, 0, 1, 1, 1, 1, 3, 0, 0),
(483, 3, 25, 0, 3, 0, 0, 0, 0, 1, 0, 4, 0),
(484, 4, 25, 1, 1, 0, 1, 1, 1, 1, 3, 0, 0),
(485, 5, 25, 4, 0, 1, 1, 0, 0, 1, 2, 3, -3),
(486, 6, 25, 2, 0, 1, 1, 1, 1, 1, 6, 0, 0),
(487, 7, 25, 1, 0, 0, 0, 0, 0, 1, 0, 2, 0),
(488, 8, 25, 2, 1, 0, 1, 1, 0, 1, 2, 0, -2),
(489, 9, 25, 0, 1, 0, 0, 0, 0, 1, 0, 1, 1),
(490, 10, 25, 1, 0, 0, 0, 0, 0, 1, 0, 3, 1),
(491, 11, 25, 1, 0, 0, 0, 0, 0, 1, 0, 3, 1),
(492, 12, 25, 3, 0, 1, 0, 0, 0, 1, 0, 3, -1),
(493, 1, 52, 1, 0, 1, 1, 1, 0, 1, 4, 0, 2),
(494, 2, 52, 1, 2, 0, 1, 1, 0, 1, 2, 0, -2),
(495, 3, 52, 2, 1, 0, 1, 1, 1, 1, 3, 0, 0),
(496, 4, 52, 1, 0, 0, 0, 0, 0, 1, 0, 1, 1),
(497, 5, 52, 2, 1, 0, 1, 1, 0, 1, 2, 0, -2),
(498, 6, 52, 2, 0, 1, 1, 1, 1, 1, 6, 0, 0),
(499, 7, 52, 0, 0, 0, 0, 0, 0, 1, 0, 1, 1),
(500, 8, 52, 3, 1, 0, 1, 0, 0, 1, 1, 1, -3),
(501, 9, 52, 1, 1, 0, 1, 1, 1, 1, 3, 0, 0),
(502, 10, 52, 2, 0, 1, 0, 0, 0, 1, 0, 4, 0),
(503, 11, 52, 1, 0, 0, 0, 0, 0, 1, 0, 3, 1),
(504, 12, 52, 0, 1, 0, 0, 0, 0, 1, 0, 1, 1),
(505, 1, 41, 0, 1, 0, 0, 0, 0, 1, 0, 2, 2),
(506, 2, 41, 1, 1, 0, 0, 0, 0, 1, 0, 1, -1),
(507, 3, 41, 0, 2, 0, 0, 0, 0, 1, 0, 3, 1),
(508, 4, 41, 2, 1, 1, 0, 0, 0, 1, 0, 1, -1),
(509, 5, 41, 2, 0, 0, 1, 0, 0, 1, 1, 1, -1),
(510, 6, 41, 3, 1, 1, 1, 1, 0, 1, 4, 0, -2),
(511, 7, 41, 1, 2, 0, 1, 1, 0, 1, 2, 0, -2),
(512, 8, 41, 1, 1, 0, 0, 0, 0, 1, 0, 1, -1),
(513, 9, 41, 2, 1, 0, 0, 0, 0, 1, 0, 1, -1),
(514, 10, 41, 1, 1, 0, 0, 0, 0, 1, 0, 2, 0),
(515, 11, 41, 2, 0, 0, 0, 0, 0, 1, 0, 4, 0),
(516, 12, 41, 2, 0, 1, 0, 0, 0, 1, 0, 2, 0),
(517, 1, 43, 2, 0, 1, 1, 0, 0, 1, 2, 1, 1),
(518, 2, 43, 1, 2, 0, 1, 1, 0, 1, 2, 0, -2),
(519, 3, 43, 0, 0, 0, 0, 0, 0, 1, 0, 1, 3),
(520, 4, 43, 2, 1, 0, 0, 0, 0, 1, 0, 1, -1),
(521, 5, 43, 2, 0, 0, 1, 0, 0, 1, 1, 1, -1),
(522, 6, 43, 2, 1, 1, 1, 0, 0, 1, 2, 1, -1),
(523, 7, 43, 1, 1, 0, 0, 0, 0, 1, 0, 1, -1),
(524, 8, 43, 2, 0, 1, 1, 0, 0, 1, 2, 1, -1),
(525, 9, 43, 1, 2, 0, 0, 0, 0, 1, 0, 1, -1),
(526, 10, 43, 1, 1, 0, 0, 0, 0, 1, 0, 2, 0),
(527, 11, 43, 1, 1, 0, 0, 0, 0, 1, 0, 2, 0),
(528, 12, 43, 2, 0, 0, 0, 0, 0, 1, 0, 2, 0),
(529, 1, 51, 9, 9, 0, 0, 0, 0, 0, 0, 0, 0),
(530, 2, 51, 0, 3, 0, 1, 0, 0, 1, 1, 2, -2),
(531, 3, 51, 1, 0, 0, 1, 1, 0, 1, 2, 0, 2),
(532, 4, 51, 2, 1, 1, 0, 0, 0, 1, 0, 1, -1),
(533, 5, 51, 3, 1, 0, 1, 0, 0, 1, 1, 1, -3),
(534, 6, 51, 3, 0, 1, 1, 0, 0, 1, 2, 1, -1),
(535, 7, 51, 2, 0, 0, 0, 0, 0, 1, 0, 3, -1),
(536, 8, 51, 2, 0, 0, 1, 0, 0, 1, 1, 1, -1),
(537, 9, 51, 1, 3, 0, 0, 0, 0, 1, 0, 2, -2),
(538, 10, 51, 1, 1, 0, 0, 0, 0, 1, 0, 2, 0),
(539, 11, 51, 2, 1, 0, 0, 0, 0, 1, 0, 3, -1),
(540, 12, 51, 4, 0, 1, 0, 0, 0, 1, 0, 4, -2),
(541, 13, 8, 1, 2, 0, 0, 0, 0, 1, 0, 1, -1),
(542, 14, 8, 2, 0, 1, 1, 1, 1, 1, 6, 0, 0),
(543, 15, 8, 1, 1, 0, 0, 0, 0, 1, 0, 1, 1),
(544, 16, 8, 2, 0, 0, 1, 0, 0, 1, 1, 1, 1),
(545, 17, 8, 1, 0, 0, 0, 0, 0, 1, 0, 3, 1),
(546, 18, 8, 2, 1, 1, 0, 0, 0, 1, 0, 1, -3),
(547, 19, 8, 1, 3, 0, 0, 0, 0, 1, 0, 2, 0),
(548, 20, 8, 1, 0, 1, 1, 0, 0, 1, 2, 2, 2),
(549, 21, 8, 2, 1, 0, 1, 1, 0, 1, 2, 0, -2),
(550, 22, 8, 1, 1, 0, 0, 0, 0, 1, 0, 3, 1),
(551, 23, 8, 1, 1, 0, 1, 1, 1, 1, 3, 0, 0),
(552, 24, 8, 2, 1, 0, 0, 0, 0, 1, 0, 1, -3),
(553, 13, 49, 0, 1, 0, 0, 0, 0, 1, 0, 1, 1),
(554, 14, 49, 2, 0, 1, 1, 1, 1, 1, 6, 0, 0),
(555, 15, 49, 1, 1, 0, 0, 0, 0, 1, 0, 1, 1),
(556, 16, 49, 3, 1, 0, 1, 0, 0, 1, 1, 1, -1),
(557, 17, 49, 2, 1, 1, 0, 0, 0, 1, 0, 3, -1),
(558, 18, 49, 2, 0, 0, 0, 0, 0, 1, 0, 2, -2),
(559, 19, 49, 1, 1, 0, 1, 1, 0, 1, 2, 0, 2),
(560, 20, 49, 2, 0, 1, 1, 0, 0, 1, 2, 1, 1),
(561, 21, 49, 3, 1, 0, 1, 0, 0, 1, 1, 1, -3),
(562, 22, 49, 3, 1, 0, 1, 0, 0, 1, 1, 1, -1),
(563, 23, 49, 1, 2, 0, 0, 0, 0, 1, 0, 1, -1),
(564, 24, 49, 3, 0, 0, 0, 0, 0, 1, 0, 3, -3),
(565, 13, 43, 2, 1, 0, 0, 0, 0, 1, 0, 1, -1),
(566, 14, 43, 2, 0, 1, 1, 1, 1, 1, 6, 0, 0),
(567, 15, 43, 1, 0, 0, 0, 0, 0, 1, 0, 2, 2),
(568, 16, 43, 1, 0, 0, 1, 1, 0, 1, 2, 0, 2),
(569, 17, 43, 1, 0, 0, 0, 0, 0, 1, 0, 3, 1),
(570, 18, 43, 2, 1, 0, 0, 0, 0, 1, 0, 1, -3),
(571, 19, 43, 1, 1, 0, 1, 1, 0, 1, 2, 0, 2),
(572, 20, 43, 2, 1, 0, 1, 0, 0, 1, 1, 2, 0),
(573, 21, 43, 1, 0, 0, 1, 1, 1, 1, 3, 0, 0),
(574, 22, 43, 2, 0, 1, 1, 0, 0, 1, 2, 1, 1),
(575, 23, 43, 1, 1, 0, 1, 1, 1, 1, 3, 0, 0),
(576, 24, 43, 2, 0, 1, 0, 0, 0, 1, 0, 2, -2),
(577, 25, 49, 1, 2, 0, 0, 0, 0, 1, 0, 1, -3),
(578, 26, 49, 1, 1, 0, 0, 0, 0, 1, 0, 1, -1),
(579, 27, 49, 0, 2, 0, 0, 0, 0, 1, 0, 2, -2),
(580, 28, 49, 2, 0, 0, 0, 0, 0, 1, 0, 5, 1),
(581, 29, 49, 1, 2, 0, 1, 1, 0, 1, 2, 0, -2),
(582, 30, 49, 0, 3, 1, 1, 0, 0, 1, 2, 2, -2),
(583, 31, 49, 1, 3, 1, 0, 0, 0, 1, 0, 3, -1),
(584, 32, 49, 1, 2, 0, 1, 0, 0, 1, 1, 1, -1),
(585, 33, 49, 3, 1, 0, 0, 0, 0, 1, 0, 3, -3),
(586, 34, 49, 1, 1, 0, 0, 0, 0, 1, 0, 1, -1),
(587, 35, 49, 1, 3, 1, 0, 0, 0, 1, 0, 2, 2),
(588, 36, 49, 1, 2, 0, 0, 0, 0, 1, 0, 2, 0),
(589, 13, 40, 0, 1, 0, 0, 0, 0, 1, 0, 1, 1),
(590, 14, 40, 2, 0, 1, 1, 1, 1, 1, 6, 0, 0),
(591, 15, 40, 2, 1, 0, 0, 0, 0, 1, 0, 2, 0),
(592, 16, 40, 1, 1, 0, 0, 0, 0, 1, 0, 1, 1),
(593, 17, 40, 1, 0, 0, 0, 0, 0, 1, 0, 3, 1),
(594, 18, 40, 0, 0, 0, 1, 1, 1, 1, 3, 0, 0),
(595, 19, 40, 2, 1, 0, 0, 0, 0, 1, 0, 1, 1),
(596, 20, 40, 2, 0, 1, 1, 0, 0, 1, 2, 1, 1),
(597, 21, 40, 1, 0, 0, 1, 1, 1, 1, 3, 0, 0),
(598, 22, 40, 3, 1, 1, 1, 0, 0, 1, 2, 1, -1),
(599, 23, 40, 1, 0, 0, 0, 0, 0, 1, 0, 1, 1),
(600, 24, 40, 1, 2, 0, 0, 0, 0, 1, 0, 1, -3),
(601, 13, 5, 1, 1, 0, 1, 1, 1, 1, 3, 0, 0),
(602, 14, 5, 3, 0, 1, 1, 0, 0, 1, 2, 1, -1),
(603, 15, 5, 3, 1, 0, 0, 0, 0, 1, 0, 3, -1),
(604, 16, 5, 2, 0, 1, 1, 0, 0, 1, 2, 1, 1),
(605, 17, 5, 1, 0, 0, 0, 0, 0, 1, 0, 3, 1),
(606, 18, 5, 2, 2, 0, 1, 1, 0, 1, 2, 0, -4),
(607, 19, 5, 1, 1, 0, 1, 1, 0, 1, 2, 0, 2),
(608, 20, 5, 2, 0, 1, 1, 0, 0, 1, 2, 1, 1),
(609, 21, 5, 2, 1, 0, 1, 1, 0, 1, 2, 0, -2),
(610, 22, 5, 1, 0, 0, 1, 0, 0, 1, 1, 2, 2),
(611, 23, 5, 0, 2, 0, 0, 0, 0, 1, 0, 2, 0),
(612, 24, 5, 2, 1, 0, 0, 0, 0, 1, 0, 1, -3),
(613, 13, 15, 1, 1, 0, 1, 1, 1, 1, 3, 0, 0),
(614, 14, 15, 2, 0, 1, 1, 1, 1, 1, 6, 0, 0),
(615, 15, 15, 1, 1, 0, 0, 0, 0, 1, 0, 1, 1),
(616, 16, 15, 1, 2, 0, 0, 0, 0, 1, 0, 2, 0),
(617, 17, 15, 2, 1, 0, 0, 0, 0, 1, 0, 3, -1),
(618, 18, 15, 2, 1, 1, 0, 0, 0, 1, 0, 1, -3),
(619, 19, 15, 1, 2, 0, 0, 0, 0, 1, 0, 1, 1),
(620, 20, 15, 1, 0, 0, 1, 0, 0, 1, 1, 2, 2),
(621, 21, 15, 2, 1, 0, 1, 1, 0, 1, 2, 0, -2),
(622, 22, 15, 1, 0, 0, 1, 0, 0, 1, 1, 2, 2),
(623, 23, 15, 1, 1, 0, 1, 1, 1, 1, 3, 0, 0),
(624, 24, 15, 2, 0, 1, 0, 0, 0, 1, 0, 2, -2),
(625, 13, 21, 0, 1, 1, 0, 0, 0, 1, 0, 1, 1),
(626, 14, 21, 1, 0, 0, 1, 0, 0, 1, 1, 1, 1),
(627, 15, 21, 2, 1, 0, 0, 0, 0, 1, 0, 2, 0),
(628, 16, 21, 1, 1, 0, 0, 0, 0, 1, 0, 1, 1),
(629, 17, 21, 0, 1, 1, 1, 0, 0, 1, 2, 1, 1),
(630, 18, 21, 3, 1, 0, 0, 0, 0, 1, 0, 2, -4),
(631, 19, 21, 0, 1, 0, 0, 0, 0, 1, 0, 1, 3),
(632, 20, 21, 2, 0, 0, 1, 0, 0, 1, 1, 1, 1),
(633, 21, 21, 2, 0, 0, 1, 0, 0, 1, 1, 1, -1),
(634, 22, 21, 1, 1, 0, 0, 0, 0, 1, 0, 3, 1),
(635, 23, 21, 0, 1, 0, 0, 0, 0, 1, 0, 1, 1),
(636, 24, 21, 2, 0, 1, 0, 0, 0, 1, 0, 2, -2),
(637, 13, 48, 1, 0, 0, 0, 0, 0, 1, 0, 1, 1),
(638, 14, 48, 2, 1, 0, 1, 0, 0, 1, 1, 1, -1),
(639, 15, 48, 1, 2, 1, 1, 1, 1, 1, 6, 0, 0),
(640, 16, 48, 1, 1, 0, 0, 0, 0, 1, 0, 1, 1),
(641, 17, 48, 2, 0, 0, 0, 0, 0, 1, 0, 4, 0),
(642, 18, 48, 2, 1, 1, 0, 0, 0, 1, 0, 1, -3),
(643, 19, 48, 0, 1, 0, 0, 0, 0, 1, 0, 1, 3),
(644, 20, 48, 3, 0, 0, 1, 1, 1, 1, 3, 0, 0),
(645, 21, 48, 2, 1, 1, 1, 1, 0, 1, 4, 0, -2),
(646, 22, 48, 1, 1, 0, 0, 0, 0, 1, 0, 3, 1),
(647, 23, 48, 0, 1, 0, 0, 0, 0, 1, 0, 1, 1),
(648, 24, 48, 2, 0, 0, 0, 0, 0, 1, 0, 2, -2),
(649, 13, 20, 0, 1, 0, 0, 0, 0, 1, 0, 1, 1),
(650, 14, 20, 2, 0, 1, 1, 1, 1, 1, 6, 0, 0),
(651, 15, 20, 1, 0, 0, 0, 0, 0, 1, 0, 2, 2),
(652, 16, 20, 1, 0, 0, 1, 1, 0, 1, 2, 0, 2),
(653, 17, 20, 1, 0, 0, 0, 0, 0, 1, 0, 3, 1),
(654, 18, 20, 1, 0, 0, 0, 0, 0, 1, 0, 1, -1),
(655, 19, 20, 0, 1, 1, 0, 0, 0, 1, 0, 1, 3),
(656, 20, 20, 2, 0, 1, 1, 0, 0, 1, 2, 1, 1),
(657, 21, 20, 1, 0, 0, 1, 1, 1, 1, 3, 0, 0),
(658, 22, 20, 1, 0, 0, 1, 0, 0, 1, 1, 2, 2),
(659, 23, 20, 2, 1, 0, 0, 0, 0, 1, 0, 1, -1),
(660, 24, 20, 2, 1, 0, 0, 0, 0, 1, 0, 1, -3),
(661, 13, 4, 1, 2, 0, 0, 0, 0, 1, 0, 1, -1),
(662, 14, 4, 2, 0, 1, 1, 1, 1, 1, 6, 0, 0),
(663, 15, 4, 2, 1, 0, 0, 0, 0, 1, 0, 2, 0),
(664, 16, 4, 2, 0, 0, 1, 0, 0, 1, 1, 1, 1),
(665, 17, 4, 2, 1, 0, 0, 0, 0, 1, 0, 3, -1),
(666, 18, 4, 3, 1, 1, 0, 0, 0, 1, 0, 2, -4),
(667, 19, 4, 1, 2, 0, 0, 0, 0, 1, 0, 1, 1),
(668, 20, 4, 2, 0, 1, 1, 0, 0, 1, 2, 1, 1),
(669, 21, 4, 2, 1, 0, 1, 1, 0, 1, 2, 0, -2),
(670, 22, 4, 2, 1, 0, 1, 0, 0, 1, 1, 2, 0),
(671, 23, 4, 1, 2, 0, 0, 0, 0, 1, 0, 1, -1),
(672, 24, 4, 2, 0, 0, 0, 0, 0, 1, 0, 2, -2),
(673, 13, 13, 1, 2, 0, 0, 0, 0, 1, 0, 1, -1),
(674, 14, 13, 2, 0, 1, 1, 1, 1, 1, 6, 0, 0),
(675, 15, 13, 1, 1, 0, 0, 0, 0, 1, 0, 1, 1),
(676, 16, 13, 2, 1, 0, 1, 1, 1, 1, 3, 0, 0),
(677, 17, 13, 1, 0, 0, 0, 0, 0, 1, 0, 3, 1),
(678, 18, 13, 2, 0, 0, 0, 0, 0, 1, 0, 2, -2),
(679, 19, 13, 1, 1, 0, 1, 1, 0, 1, 2, 0, 2),
(680, 20, 13, 2, 1, 1, 1, 0, 0, 1, 2, 2, 0),
(681, 21, 13, 2, 0, 0, 1, 0, 0, 1, 1, 1, -1),
(682, 22, 13, 1, 0, 0, 1, 0, 0, 1, 1, 2, 2),
(683, 23, 13, 1, 2, 0, 0, 0, 0, 1, 0, 1, -1),
(684, 24, 13, 2, 0, 1, 0, 0, 0, 1, 0, 2, -2),
(685, 25, 13, 0, 2, 0, 0, 0, 0, 1, 0, 2, -2),
(686, 26, 13, 1, 1, 0, 0, 0, 0, 1, 0, 1, -1),
(687, 27, 13, 1, 1, 0, 1, 1, 0, 1, 2, 0, -2),
(688, 28, 13, 1, 0, 0, 0, 0, 0, 1, 0, 4, 2),
(689, 29, 13, 1, 2, 0, 1, 1, 0, 1, 2, 0, -2),
(690, 30, 13, 0, 2, 1, 1, 0, 0, 1, 2, 1, -1),
(691, 31, 13, 2, 2, 0, 0, 0, 0, 1, 0, 1, -1),
(692, 32, 13, 2, 0, 1, 0, 0, 0, 1, 0, 4, 0),
(693, 33, 13, 1, 0, 0, 0, 0, 0, 1, 0, 2, 0),
(694, 34, 13, 0, 1, 0, 1, 1, 1, 1, 3, 0, 0),
(695, 35, 13, 0, 2, 1, 0, 0, 0, 1, 0, 2, 4),
(696, 36, 13, 1, 1, 0, 0, 0, 0, 1, 0, 1, 1),
(697, 13, 52, 1, 1, 0, 1, 1, 1, 1, 3, 0, 0),
(698, 14, 52, 2, 0, 1, 1, 1, 1, 1, 6, 0, 0),
(699, 15, 52, 1, 1, 0, 0, 0, 0, 1, 0, 1, 1),
(700, 16, 52, 2, 1, 1, 1, 1, 1, 1, 6, 0, 0),
(701, 17, 52, 1, 1, 0, 0, 0, 0, 1, 0, 2, 0),
(702, 18, 52, 2, 1, 0, 0, 0, 0, 1, 0, 1, -3),
(703, 19, 52, 1, 2, 1, 0, 0, 0, 1, 0, 1, 1),
(704, 20, 52, 2, 0, 0, 1, 0, 0, 1, 1, 1, 1),
(705, 21, 52, 2, 1, 0, 1, 1, 0, 1, 2, 0, -2),
(706, 22, 52, 2, 1, 0, 1, 0, 0, 1, 1, 2, 0),
(707, 23, 52, 1, 1, 0, 1, 1, 1, 1, 3, 0, 0),
(708, 24, 52, 2, 1, 0, 0, 0, 0, 1, 0, 1, -3),
(709, 13, 25, 1, 1, 0, 1, 1, 1, 1, 3, 0, 0),
(710, 14, 25, 1, 1, 0, 0, 0, 0, 1, 0, 2, 0),
(711, 15, 25, 2, 0, 0, 0, 0, 0, 1, 0, 3, 1),
(712, 16, 25, 1, 0, 1, 1, 1, 0, 1, 4, 0, 2),
(713, 17, 25, 0, 0, 0, 0, 0, 0, 1, 0, 2, 2),
(714, 18, 25, 2, 1, 0, 0, 0, 0, 1, 0, 1, -3),
(715, 19, 25, 1, 1, 0, 1, 1, 0, 1, 2, 0, 2),
(716, 20, 25, 2, 0, 1, 1, 0, 0, 1, 2, 1, 1),
(717, 21, 25, 1, 0, 1, 1, 1, 1, 1, 6, 0, 0),
(718, 22, 25, 2, 0, 0, 1, 0, 0, 1, 1, 1, 1),
(719, 23, 25, 0, 1, 0, 0, 0, 0, 1, 0, 1, 1),
(720, 24, 25, 2, 0, 0, 0, 0, 0, 1, 0, 2, -2),
(721, 13, 26, 0, 1, 0, 0, 0, 0, 1, 0, 1, 1),
(722, 14, 26, 2, 0, 0, 1, 1, 1, 1, 3, 0, 0),
(723, 15, 26, 1, 0, 0, 0, 0, 0, 1, 0, 2, 2),
(724, 16, 26, 2, 1, 0, 1, 1, 1, 1, 3, 0, 0),
(725, 17, 26, 1, 0, 0, 0, 0, 0, 1, 0, 3, 1),
(726, 18, 26, 2, 0, 1, 0, 0, 0, 1, 0, 2, -2),
(727, 19, 26, 0, 1, 0, 0, 0, 0, 1, 0, 1, 3),
(728, 20, 26, 2, 0, 1, 1, 0, 0, 1, 2, 1, 1),
(729, 21, 26, 1, 0, 0, 1, 1, 1, 1, 3, 0, 0),
(730, 22, 26, 1, 1, 0, 0, 0, 0, 1, 0, 3, 1),
(731, 23, 26, 1, 2, 0, 0, 0, 0, 1, 0, 1, -1),
(732, 24, 26, 2, 0, 1, 0, 0, 0, 1, 0, 2, -2),
(733, 13, 44, 1, 0, 0, 0, 0, 0, 1, 0, 1, 1),
(734, 14, 44, 1, 0, 0, 1, 0, 0, 1, 1, 1, 1),
(735, 15, 44, 1, 0, 0, 0, 0, 0, 1, 0, 2, 2),
(736, 16, 44, 1, 0, 1, 1, 1, 0, 1, 4, 0, 2),
(737, 17, 44, 1, 0, 0, 0, 0, 0, 1, 0, 3, 1),
(738, 18, 44, 1, 0, 0, 0, 0, 0, 1, 0, 1, -1),
(739, 19, 44, 0, 1, 0, 0, 0, 0, 1, 0, 1, 3),
(740, 20, 44, 1, 0, 1, 1, 0, 0, 1, 2, 2, 2),
(741, 21, 44, 1, 0, 0, 1, 1, 1, 1, 3, 0, 0),
(742, 22, 44, 1, 0, 0, 1, 0, 0, 1, 1, 2, 2),
(743, 23, 44, 0, 1, 0, 0, 0, 0, 1, 0, 1, 1),
(744, 24, 44, 1, 0, 1, 0, 0, 0, 1, 0, 1, -1),
(745, 13, 45, 1, 0, 0, 0, 0, 0, 1, 0, 1, 1),
(746, 14, 45, 1, 0, 1, 1, 0, 0, 1, 2, 1, 1),
(747, 15, 45, 1, 0, 0, 0, 0, 0, 1, 0, 2, 2),
(748, 16, 45, 1, 0, 0, 1, 1, 0, 1, 2, 0, 2),
(749, 17, 45, 1, 0, 0, 0, 0, 0, 1, 0, 3, 1),
(750, 18, 45, 1, 0, 0, 0, 0, 0, 1, 0, 1, -1),
(751, 19, 45, 0, 0, 0, 1, 1, 0, 1, 2, 0, 4),
(752, 20, 45, 1, 0, 0, 1, 0, 0, 1, 1, 2, 2),
(753, 21, 45, 1, 0, 0, 1, 1, 1, 1, 3, 0, 0),
(754, 22, 45, 1, 0, 1, 1, 0, 0, 1, 2, 2, 2),
(755, 23, 45, 0, 0, 0, 1, 1, 0, 1, 2, 0, 2),
(756, 24, 45, 2, 0, 1, 0, 0, 0, 1, 0, 2, -2),
(757, 13, 18, 1, 1, 0, 1, 1, 1, 1, 3, 0, 0),
(758, 14, 18, 1, 0, 1, 1, 0, 0, 1, 2, 1, 1),
(759, 15, 18, 1, 1, 0, 0, 0, 0, 1, 0, 1, 1),
(760, 16, 18, 1, 0, 0, 1, 1, 0, 1, 2, 0, 2),
(761, 17, 18, 2, 1, 0, 0, 0, 0, 1, 0, 3, -1),
(762, 18, 18, 2, 1, 1, 0, 0, 0, 1, 0, 1, -3),
(763, 19, 18, 1, 2, 0, 0, 0, 0, 1, 0, 1, 1),
(764, 20, 18, 2, 1, 0, 1, 0, 0, 1, 1, 2, 0),
(765, 21, 18, 2, 0, 1, 1, 0, 0, 1, 2, 1, -1),
(766, 22, 18, 1, 0, 0, 1, 0, 0, 1, 1, 2, 2),
(767, 23, 18, 2, 0, 0, 0, 0, 0, 1, 0, 2, 0),
(768, 24, 18, 1, 0, 0, 0, 0, 0, 1, 0, 1, -1),
(769, 13, 3, 1, 2, 0, 0, 0, 0, 1, 0, 1, -1),
(770, 14, 3, 2, 1, 0, 1, 0, 0, 1, 1, 1, -1),
(771, 15, 3, 1, 0, 0, 0, 0, 0, 1, 0, 2, 2),
(772, 16, 3, 2, 1, 1, 1, 1, 1, 1, 6, 0, 0),
(773, 17, 3, 1, 0, 0, 0, 0, 0, 1, 0, 3, 1),
(774, 18, 3, 2, 1, 0, 0, 0, 0, 1, 0, 1, -3),
(775, 19, 3, 0, 1, 0, 0, 0, 0, 1, 0, 1, 3),
(776, 20, 3, 2, 0, 0, 1, 0, 0, 1, 1, 1, 1),
(777, 21, 3, 0, 1, 1, 0, 0, 0, 1, 0, 2, 0),
(778, 22, 3, 2, 1, 1, 1, 0, 0, 1, 2, 2, 0),
(779, 23, 3, 1, 1, 0, 1, 1, 1, 1, 3, 0, 0),
(780, 24, 3, 1, 2, 0, 0, 0, 0, 1, 0, 1, -3),
(781, 13, 11, 1, 2, 0, 0, 0, 0, 1, 0, 1, -1),
(782, 14, 11, 3, 0, 0, 1, 0, 0, 1, 1, 1, -1),
(783, 15, 11, 2, 0, 0, 0, 0, 0, 1, 0, 3, 1),
(784, 16, 11, 2, 0, 0, 1, 0, 0, 1, 1, 1, 1),
(785, 17, 11, 1, 1, 1, 0, 0, 0, 1, 0, 2, 0),
(786, 18, 11, 1, 1, 0, 1, 1, 0, 1, 2, 0, -2),
(787, 19, 11, 1, 3, 0, 0, 0, 0, 1, 0, 2, 0),
(788, 20, 11, 3, 1, 0, 1, 0, 0, 1, 1, 1, -1),
(789, 21, 11, 2, 2, 0, 0, 0, 0, 1, 0, 1, -3),
(790, 22, 11, 2, 0, 1, 1, 0, 0, 1, 2, 1, 1),
(791, 23, 11, 1, 0, 0, 0, 0, 0, 1, 0, 1, 1),
(792, 24, 11, 2, 0, 1, 0, 0, 0, 1, 0, 2, -2),
(793, 13, 47, 1, 1, 0, 1, 1, 1, 1, 3, 0, 0),
(794, 14, 47, 3, 1, 1, 1, 1, 0, 1, 4, 0, -2),
(795, 15, 47, 2, 1, 0, 0, 0, 0, 1, 0, 2, 0),
(796, 16, 47, 2, 1, 0, 1, 1, 1, 1, 3, 0, 0),
(797, 17, 47, 1, 0, 0, 0, 0, 0, 1, 0, 3, 1),
(798, 18, 47, 2, 1, 1, 0, 0, 0, 1, 0, 1, -3),
(799, 19, 47, 1, 2, 0, 0, 0, 0, 1, 0, 1, 1),
(800, 20, 47, 2, 0, 1, 1, 0, 0, 1, 2, 1, 1),
(801, 21, 47, 2, 0, 0, 1, 0, 0, 1, 1, 1, -1),
(802, 22, 47, 1, 2, 0, 0, 0, 0, 1, 0, 4, 0),
(803, 23, 47, 0, 0, 0, 1, 1, 0, 1, 2, 0, 2),
(804, 24, 47, 2, 0, 0, 0, 0, 0, 1, 0, 2, -2),
(805, 13, 17, 1, 1, 0, 1, 1, 1, 1, 3, 0, 0),
(806, 14, 17, 2, 0, 1, 1, 1, 1, 1, 6, 0, 0),
(807, 15, 17, 1, 1, 0, 0, 0, 0, 1, 0, 1, 1),
(808, 16, 17, 2, 0, 1, 1, 0, 0, 1, 2, 1, 1),
(809, 17, 17, 2, 1, 0, 0, 0, 0, 1, 0, 3, -1),
(810, 18, 17, 2, 0, 1, 0, 0, 0, 1, 0, 2, -2),
(811, 19, 17, 1, 2, 0, 0, 0, 0, 1, 0, 1, 1),
(812, 20, 17, 2, 1, 0, 1, 0, 0, 1, 1, 2, 0),
(813, 21, 17, 2, 1, 0, 1, 1, 0, 1, 2, 0, -2),
(814, 22, 17, 1, 1, 0, 0, 0, 0, 1, 0, 3, 1),
(815, 23, 17, 1, 2, 0, 0, 0, 0, 1, 0, 1, -1),
(816, 24, 17, 2, 0, 0, 0, 0, 0, 1, 0, 2, -2),
(817, 13, 16, 0, 2, 0, 0, 0, 0, 1, 0, 2, 0),
(818, 14, 16, 3, 0, 0, 1, 0, 0, 1, 1, 1, -1),
(819, 15, 16, 2, 0, 0, 0, 0, 0, 1, 0, 3, 1),
(820, 16, 16, 1, 1, 0, 0, 0, 0, 1, 0, 1, 1),
(821, 17, 16, 2, 0, 0, 0, 0, 0, 1, 0, 4, 0),
(822, 18, 16, 1, 0, 0, 0, 0, 0, 1, 0, 1, -1),
(823, 19, 16, 0, 1, 0, 0, 0, 0, 1, 0, 1, 3),
(824, 20, 16, 2, 0, 1, 1, 0, 0, 1, 2, 1, 1),
(825, 21, 16, 2, 0, 1, 1, 0, 0, 1, 2, 1, -1),
(826, 22, 16, 1, 1, 1, 0, 0, 0, 1, 0, 3, 1),
(827, 23, 16, 1, 1, 0, 1, 1, 1, 1, 3, 0, 0),
(828, 24, 16, 2, 0, 0, 0, 0, 0, 1, 0, 2, -2),
(829, 13, 22, 1, 0, 0, 0, 0, 0, 1, 0, 1, 1),
(830, 14, 22, 2, 0, 1, 1, 1, 1, 1, 6, 0, 0),
(831, 15, 22, 2, 1, 0, 0, 0, 0, 1, 0, 2, 0),
(832, 16, 22, 2, 0, 0, 1, 0, 0, 1, 1, 1, 1),
(833, 17, 22, 1, 0, 0, 0, 0, 0, 1, 0, 3, 1),
(834, 18, 22, 2, 2, 0, 1, 1, 0, 1, 2, 0, -4),
(835, 19, 22, 1, 2, 0, 0, 0, 0, 1, 0, 1, 1),
(836, 20, 22, 1, 1, 1, 0, 0, 0, 1, 0, 3, 1),
(837, 21, 22, 2, 1, 0, 1, 1, 0, 1, 2, 0, -2),
(838, 22, 22, 2, 2, 0, 0, 0, 0, 1, 0, 3, -1),
(839, 23, 22, 0, 1, 0, 0, 0, 0, 1, 0, 1, 1),
(840, 24, 22, 2, 0, 1, 0, 0, 0, 1, 0, 2, -2),
(841, 13, 53, 1, 1, 0, 1, 1, 1, 1, 3, 0, 0),
(842, 14, 53, 2, 0, 1, 1, 1, 1, 1, 6, 0, 0),
(843, 15, 53, 1, 1, 0, 0, 0, 0, 1, 0, 1, 1),
(844, 16, 53, 1, 2, 0, 0, 0, 0, 1, 0, 2, 0),
(845, 17, 53, 1, 0, 0, 0, 0, 0, 1, 0, 3, 1),
(846, 18, 53, 2, 1, 0, 0, 0, 0, 1, 0, 1, -3),
(847, 19, 53, 0, 1, 0, 0, 0, 0, 1, 0, 1, 3),
(848, 20, 53, 2, 0, 1, 1, 0, 0, 1, 2, 1, 1),
(849, 21, 53, 2, 1, 1, 1, 1, 0, 1, 4, 0, -2),
(850, 22, 53, 0, 2, 0, 0, 0, 0, 1, 0, 5, 1),
(851, 23, 53, 2, 2, 0, 1, 1, 0, 1, 2, 0, -2),
(852, 24, 53, 1, 0, 0, 0, 0, 0, 1, 0, 1, -1),
(853, 13, 54, 1, 1, 0, 1, 1, 1, 1, 3, 0, 0),
(854, 14, 54, 2, 0, 0, 1, 1, 1, 1, 3, 0, 0),
(855, 15, 54, 0, 1, 0, 1, 1, 0, 1, 2, 0, 2),
(856, 16, 54, 2, 1, 0, 1, 1, 1, 1, 3, 0, 0),
(857, 17, 54, 0, 1, 0, 1, 0, 0, 1, 1, 1, 1),
(858, 18, 54, 2, 1, 1, 0, 0, 0, 1, 0, 1, -3),
(859, 19, 54, 2, 1, 0, 0, 0, 0, 1, 0, 1, 1),
(860, 20, 54, 3, 0, 1, 1, 1, 1, 1, 6, 0, 0),
(861, 21, 54, 2, 1, 0, 1, 1, 0, 1, 2, 0, -2),
(862, 22, 54, 0, 1, 0, 0, 0, 0, 1, 0, 4, 2),
(863, 23, 54, 0, 2, 0, 0, 0, 0, 1, 0, 2, 0),
(864, 24, 54, 3, 0, 1, 0, 0, 0, 1, 0, 3, -3),
(865, 13, 12, 0, 1, 0, 0, 0, 0, 1, 0, 1, 1),
(866, 14, 12, 2, 0, 0, 1, 1, 1, 1, 3, 0, 0),
(867, 15, 12, 1, 0, 0, 0, 0, 0, 1, 0, 2, 2),
(868, 16, 12, 2, 1, 0, 1, 1, 1, 1, 3, 0, 0),
(869, 17, 12, 1, 0, 0, 0, 0, 0, 1, 0, 3, 1),
(870, 18, 12, 2, 1, 0, 0, 0, 0, 1, 0, 1, -3),
(871, 19, 12, 0, 1, 0, 0, 0, 0, 1, 0, 1, 3),
(872, 20, 12, 2, 0, 1, 1, 0, 0, 1, 2, 1, 1),
(873, 21, 12, 2, 0, 1, 1, 0, 0, 1, 2, 1, -1),
(874, 22, 12, 1, 0, 0, 1, 0, 0, 1, 1, 2, 2),
(875, 23, 12, 1, 0, 0, 0, 0, 0, 1, 0, 1, 1),
(876, 24, 12, 2, 0, 1, 0, 0, 0, 1, 0, 2, -2),
(877, 13, 1, 1, 1, 0, 1, 1, 1, 1, 3, 0, 0),
(878, 14, 1, 2, 0, 0, 1, 1, 1, 1, 3, 0, 0),
(879, 15, 1, 2, 0, 0, 0, 0, 0, 1, 0, 3, 1),
(880, 16, 1, 2, 0, 0, 1, 0, 0, 1, 1, 1, 1),
(881, 17, 1, 2, 0, 0, 0, 0, 0, 1, 0, 4, 0),
(882, 18, 1, 2, 0, 1, 0, 0, 0, 1, 0, 2, -2),
(883, 19, 1, 0, 1, 0, 0, 0, 0, 1, 0, 1, 3),
(884, 20, 1, 2, 0, 1, 1, 0, 0, 1, 2, 1, 1),
(885, 21, 1, 2, 0, 0, 1, 0, 0, 1, 1, 1, -1),
(886, 22, 1, 1, 1, 0, 0, 0, 0, 1, 0, 3, 1),
(887, 23, 1, 2, 1, 0, 0, 0, 0, 1, 0, 1, -1),
(888, 24, 1, 3, 0, 1, 0, 0, 0, 1, 0, 3, -3),
(889, 13, 19, 1, 1, 0, 1, 1, 1, 1, 3, 0, 0),
(890, 14, 19, 2, 0, 1, 1, 1, 1, 1, 6, 0, 0),
(891, 15, 19, 1, 0, 0, 0, 0, 0, 1, 0, 2, 2),
(892, 16, 19, 2, 0, 1, 1, 0, 0, 1, 2, 1, 1),
(893, 17, 19, 1, 0, 0, 0, 0, 0, 1, 0, 3, 1),
(894, 18, 19, 2, 1, 0, 0, 0, 0, 1, 0, 1, -3),
(895, 19, 19, 0, 2, 0, 0, 0, 0, 1, 0, 2, 2),
(896, 20, 19, 3, 0, 0, 1, 1, 1, 1, 3, 0, 0),
(897, 21, 19, 1, 0, 0, 1, 1, 1, 1, 3, 0, 0),
(898, 22, 19, 2, 0, 0, 1, 0, 0, 1, 1, 1, 1),
(899, 23, 19, 1, 1, 0, 1, 1, 1, 1, 3, 0, 0),
(900, 24, 19, 2, 0, 1, 0, 0, 0, 1, 0, 2, -2),
(901, 13, 38, 2, 1, 0, 0, 0, 0, 1, 0, 1, -1),
(902, 14, 38, 1, 0, 0, 1, 0, 0, 1, 1, 1, 1),
(903, 15, 38, 1, 2, 0, 1, 1, 1, 1, 3, 0, 0),
(904, 16, 38, 2, 3, 1, 0, 0, 0, 1, 0, 2, -2),
(905, 17, 38, 1, 0, 0, 0, 0, 0, 1, 0, 3, 1),
(906, 18, 38, 2, 2, 1, 1, 1, 0, 1, 4, 0, -4),
(907, 19, 38, 1, 2, 0, 0, 0, 0, 1, 0, 1, 1),
(908, 20, 38, 1, 0, 0, 1, 0, 0, 1, 1, 2, 2),
(909, 21, 38, 2, 2, 1, 0, 0, 0, 1, 0, 1, -3),
(910, 22, 38, 2, 0, 0, 1, 0, 0, 1, 1, 1, 1),
(911, 23, 38, 1, 1, 0, 1, 1, 1, 1, 3, 0, 0),
(912, 24, 38, 2, 0, 0, 0, 0, 0, 1, 0, 2, -2),
(913, 13, 41, 1, 1, 0, 1, 1, 1, 1, 3, 0, 0),
(914, 14, 41, 2, 0, 1, 1, 1, 1, 1, 6, 0, 0),
(915, 15, 41, 1, 1, 0, 0, 0, 0, 1, 0, 1, 1),
(916, 16, 41, 2, 1, 1, 1, 1, 1, 1, 6, 0, 0),
(917, 17, 41, 1, 0, 0, 0, 0, 0, 1, 0, 3, 1),
(918, 18, 41, 2, 1, 0, 0, 0, 0, 1, 0, 1, -3),
(919, 19, 41, 1, 1, 0, 1, 1, 0, 1, 2, 0, 2),
(920, 20, 41, 2, 0, 1, 1, 0, 0, 1, 2, 1, 1),
(921, 21, 41, 1, 0, 0, 1, 1, 1, 1, 3, 0, 0),
(922, 22, 41, 2, 1, 0, 1, 0, 0, 1, 1, 2, 0),
(923, 23, 41, 1, 1, 0, 1, 1, 1, 1, 3, 0, 0),
(924, 24, 41, 2, 0, 0, 0, 0, 0, 1, 0, 2, -2),
(925, 13, 46, 0, 2, 0, 0, 0, 0, 1, 0, 2, 0),
(926, 14, 46, 3, 1, 0, 1, 1, 0, 1, 2, 0, -2),
(927, 15, 46, 2, 1, 0, 0, 0, 0, 1, 0, 2, 0),
(928, 16, 46, 3, 2, 1, 1, 1, 0, 1, 4, 0, -2),
(929, 17, 46, 2, 1, 0, 0, 0, 0, 1, 0, 3, -1),
(930, 18, 46, 3, 1, 1, 0, 0, 0, 1, 0, 2, -4),
(931, 19, 46, 1, 1, 0, 1, 1, 0, 1, 2, 0, 2),
(932, 20, 46, 2, 1, 0, 1, 0, 0, 1, 1, 2, 0),
(933, 21, 46, 2, 2, 0, 0, 0, 0, 1, 0, 1, -3),
(934, 22, 46, 1, 1, 0, 0, 0, 0, 1, 0, 3, 1),
(935, 23, 46, 1, 1, 1, 1, 1, 1, 1, 6, 0, 0),
(936, 24, 46, 2, 1, 0, 0, 0, 0, 1, 0, 1, -3),
(937, 13, 9, 1, 0, 0, 0, 0, 0, 1, 0, 1, 1),
(938, 14, 9, 1, 0, 1, 1, 0, 0, 1, 2, 1, 1),
(939, 15, 9, 1, 0, 0, 0, 0, 0, 1, 0, 2, 2),
(940, 16, 9, 1, 0, 0, 1, 1, 0, 1, 2, 0, 2),
(941, 17, 9, 1, 1, 0, 0, 0, 0, 1, 0, 2, 0),
(942, 18, 9, 1, 0, 1, 0, 0, 0, 1, 0, 1, -1),
(943, 19, 9, 1, 1, 0, 1, 1, 0, 1, 2, 0, 2),
(944, 20, 9, 2, 0, 1, 1, 0, 0, 1, 2, 1, 1),
(945, 21, 9, 1, 1, 0, 0, 0, 0, 1, 0, 1, -1),
(946, 22, 9, 1, 0, 0, 1, 0, 0, 1, 1, 2, 2),
(947, 23, 9, 1, 1, 0, 1, 1, 1, 1, 3, 0, 0),
(948, 24, 9, 1, 0, 0, 0, 0, 0, 1, 0, 1, -1),
(949, 13, 23, 2, 1, 0, 0, 0, 0, 1, 0, 1, -1),
(950, 14, 23, 2, 0, 0, 1, 1, 1, 1, 3, 0, 0),
(951, 15, 23, 1, 3, 0, 1, 0, 0, 1, 1, 1, -1),
(952, 16, 23, 2, 1, 1, 1, 1, 1, 1, 6, 0, 0),
(953, 17, 23, 2, 1, 0, 0, 0, 0, 1, 0, 3, -1),
(954, 18, 23, 1, 1, 1, 1, 1, 0, 1, 4, 0, -2),
(955, 19, 23, 0, 0, 0, 1, 1, 0, 1, 2, 0, 4),
(956, 20, 23, 3, 1, 1, 1, 0, 0, 1, 2, 1, -1),
(957, 21, 23, 1, 0, 0, 1, 1, 1, 1, 3, 0, 0),
(958, 22, 23, 2, 0, 0, 1, 0, 0, 1, 1, 1, 1),
(959, 23, 23, 2, 0, 0, 0, 0, 0, 1, 0, 2, 0),
(960, 24, 23, 1, 1, 0, 1, 1, 0, 1, 2, 0, -2),
(961, 25, 23, 1, 1, 0, 1, 1, 0, 1, 2, 0, -2),
(962, 26, 23, 2, 1, 1, 0, 0, 0, 1, 0, 2, -2),
(963, 27, 23, 1, 3, 0, 0, 0, 0, 1, 0, 2, -4),
(964, 28, 23, 0, 0, 0, 0, 0, 0, 1, 0, 3, 3),
(965, 29, 23, 0, 0, 0, 0, 0, 0, 1, 0, 1, 1),
(966, 30, 23, 0, 3, 1, 1, 0, 0, 1, 2, 2, -2),
(967, 31, 23, 0, 1, 0, 0, 0, 0, 1, 0, 2, 2),
(968, 32, 23, 1, 2, 0, 1, 0, 0, 1, 1, 1, -1),
(969, 33, 23, 1, 0, 1, 0, 0, 0, 1, 0, 2, 0),
(970, 34, 23, 1, 2, 0, 1, 1, 0, 1, 2, 0, -2),
(971, 35, 23, 0, 2, 0, 0, 0, 0, 1, 0, 2, 4),
(972, 36, 23, 2, 1, 0, 1, 1, 1, 1, 3, 0, 0),
(973, 25, 46, 1, 3, 0, 0, 0, 0, 1, 0, 2, -4),
(974, 26, 46, 1, 1, 0, 0, 0, 0, 1, 0, 1, -1),
(975, 27, 46, 1, 2, 0, 0, 0, 0, 1, 0, 1, -3),
(976, 28, 46, 3, 2, 0, 0, 0, 0, 1, 0, 4, -2),
(977, 29, 46, 1, 1, 0, 0, 0, 0, 1, 0, 1, -1),
(978, 30, 46, 1, 4, 1, 1, 0, 0, 1, 2, 2, -4),
(979, 31, 46, 1, 2, 1, 0, 0, 0, 1, 0, 2, 0),
(980, 32, 46, 1, 2, 0, 1, 0, 0, 1, 1, 1, -1),
(981, 33, 46, 2, 1, 0, 0, 0, 0, 1, 0, 2, -2),
(982, 34, 46, 2, 0, 0, 0, 0, 0, 1, 0, 3, -1),
(983, 35, 46, 1, 3, 0, 0, 0, 0, 1, 0, 2, 2),
(984, 36, 46, 1, 2, 1, 0, 0, 0, 1, 0, 2, 0),
(985, 13, 7, 1, 1, 0, 1, 1, 1, 1, 3, 0, 0),
(986, 14, 7, 2, 0, 1, 1, 1, 1, 1, 6, 0, 0),
(987, 15, 7, 2, 2, 0, 0, 0, 0, 1, 0, 1, -1),
(988, 16, 7, 1, 1, 0, 0, 0, 0, 1, 0, 1, 1),
(989, 17, 7, 3, 0, 0, 0, 0, 0, 1, 0, 5, -1),
(990, 18, 7, 1, 2, 0, 0, 0, 0, 1, 0, 1, -3),
(991, 19, 7, 0, 1, 0, 0, 0, 0, 1, 0, 1, 3),
(992, 20, 7, 1, 0, 0, 1, 0, 0, 1, 1, 2, 2),
(993, 21, 7, 2, 1, 1, 1, 1, 0, 1, 4, 0, -2),
(994, 22, 7, 3, 0, 0, 1, 1, 1, 1, 3, 0, 0),
(995, 23, 7, 1, 2, 1, 0, 0, 0, 1, 0, 1, -1),
(996, 24, 7, 2, 0, 0, 0, 0, 0, 1, 0, 2, -2),
(997, 13, 39, 1, 2, 0, 0, 0, 0, 1, 0, 1, -1),
(998, 14, 39, 3, 0, 0, 1, 0, 0, 1, 1, 1, -1),
(999, 15, 39, 1, 1, 0, 0, 0, 0, 1, 0, 1, 1),
(1000, 16, 39, 2, 1, 0, 1, 1, 1, 1, 3, 0, 0),
(1001, 17, 39, 3, 1, 0, 0, 0, 0, 1, 0, 4, -2),
(1002, 18, 39, 3, 0, 1, 0, 0, 0, 1, 0, 3, -3),
(1003, 19, 39, 2, 2, 0, 1, 1, 1, 1, 3, 0, 0),
(1004, 20, 39, 3, 1, 0, 1, 0, 0, 1, 1, 1, -1),
(1005, 21, 39, 1, 2, 1, 0, 0, 0, 1, 0, 2, -2),
(1006, 22, 39, 4, 1, 1, 1, 1, 0, 1, 4, 0, -2),
(1007, 23, 39, 1, 1, 0, 1, 1, 1, 1, 3, 0, 0),
(1008, 24, 39, 1, 1, 0, 1, 1, 0, 1, 2, 0, -2),
(1009, 13, 50, 0, 1, 0, 0, 0, 0, 1, 0, 1, 1),
(1010, 14, 50, 3, 0, 1, 1, 0, 0, 1, 2, 1, -1),
(1011, 15, 50, 1, 0, 0, 0, 0, 0, 1, 0, 2, 2),
(1012, 16, 50, 2, 1, 0, 1, 1, 1, 1, 3, 0, 0),
(1013, 17, 50, 1, 0, 0, 0, 0, 0, 1, 0, 3, 1),
(1014, 18, 50, 2, 1, 0, 0, 0, 0, 1, 0, 1, -3),
(1015, 19, 50, 1, 2, 0, 0, 0, 0, 1, 0, 1, 1),
(1016, 20, 50, 1, 0, 1, 1, 0, 0, 1, 2, 2, 2),
(1017, 21, 50, 1, 0, 0, 1, 1, 1, 1, 3, 0, 0),
(1018, 22, 50, 2, 0, 0, 1, 0, 0, 1, 1, 1, 1),
(1019, 23, 50, 0, 0, 0, 1, 1, 0, 1, 2, 0, 2),
(1020, 24, 50, 2, 1, 1, 0, 0, 0, 1, 0, 1, -3),
(1021, 13, 55, 0, 1, 0, 0, 0, 0, 1, 0, 1, 1),
(1022, 14, 55, 2, 0, 1, 1, 1, 1, 1, 6, 0, 0),
(1023, 15, 55, 9, 9, 0, 0, 0, 0, 0, 0, 0, 0),
(1024, 16, 55, 2, 1, 1, 1, 1, 1, 1, 6, 0, 0),
(1025, 17, 55, 1, 0, 0, 0, 0, 0, 1, 0, 3, 1),
(1026, 18, 55, 2, 1, 0, 0, 0, 0, 1, 0, 1, -3),
(1027, 19, 55, 0, 1, 0, 0, 0, 0, 1, 0, 1, 3),
(1028, 20, 55, 2, 1, 1, 1, 0, 0, 1, 2, 2, 0),
(1029, 21, 55, 2, 1, 0, 1, 1, 0, 1, 2, 0, -2),
(1030, 22, 55, 2, 0, 0, 1, 0, 0, 1, 1, 1, 1),
(1031, 23, 55, 0, 1, 0, 0, 0, 0, 1, 0, 1, 1),
(1032, 24, 55, 1, 0, 0, 0, 0, 0, 1, 0, 1, -1),
(1033, 13, 24, 1, 2, 0, 0, 0, 0, 1, 0, 1, -1),
(1034, 14, 24, 2, 0, 0, 1, 1, 1, 1, 3, 0, 0),
(1035, 15, 24, 9, 9, 0, 0, 0, 0, 0, 0, 0, 0),
(1036, 16, 24, 2, 1, 0, 1, 1, 1, 1, 3, 0, 0),
(1037, 17, 24, 1, 2, 1, 1, 0, 0, 1, 2, 1, -1),
(1038, 18, 24, 3, 1, 1, 0, 0, 0, 1, 0, 2, -4),
(1039, 19, 24, 2, 1, 0, 0, 0, 0, 1, 0, 1, 1),
(1040, 20, 24, 2, 1, 0, 1, 0, 0, 1, 1, 2, 0),
(1041, 21, 24, 2, 1, 1, 1, 1, 0, 1, 4, 0, -2),
(1042, 22, 24, 1, 2, 0, 0, 0, 0, 1, 0, 4, 0),
(1043, 23, 24, 1, 1, 0, 1, 1, 1, 1, 3, 0, 0),
(1044, 24, 24, 2, 1, 0, 0, 0, 0, 1, 0, 1, -3),
(1045, 25, 5, 0, 1, 0, 0, 0, 0, 1, 0, 1, -1),
(1046, 26, 5, 2, 0, 0, 0, 0, 0, 1, 0, 3, -1),
(1047, 27, 5, 0, 2, 1, 0, 0, 0, 1, 0, 2, -2),
(1048, 28, 5, 1, 0, 0, 0, 0, 0, 1, 0, 4, 2),
(1049, 29, 5, 0, 2, 1, 1, 0, 0, 1, 2, 1, -1),
(1050, 30, 5, 0, 3, 1, 1, 0, 0, 1, 2, 2, -2),
(1051, 31, 5, 0, 2, 0, 0, 0, 0, 1, 0, 3, 1),
(1052, 32, 5, 1, 1, 0, 0, 0, 0, 1, 0, 2, 0),
(1053, 33, 5, 1, 0, 0, 0, 0, 0, 1, 0, 2, 0),
(1054, 34, 5, 1, 2, 0, 1, 1, 0, 1, 2, 0, -2),
(1055, 35, 5, 0, 2, 0, 0, 0, 0, 1, 0, 2, 4),
(1056, 36, 5, 1, 1, 0, 0, 0, 0, 1, 0, 1, 1),
(1057, 13, 51, 9, 9, 0, 0, 0, 0, 0, 0, 0, 0),
(1058, 14, 51, 9, 9, 0, 0, 0, 0, 0, 0, 0, 0),
(1059, 15, 51, 9, 9, 0, 0, 0, 0, 0, 0, 0, 0),
(1060, 16, 51, 9, 9, 0, 0, 0, 0, 0, 0, 0, 0),
(1061, 17, 51, 9, 9, 0, 0, 0, 0, 0, 0, 0, 0),
(1062, 18, 51, 9, 9, 0, 0, 0, 0, 0, 0, 0, 0),
(1063, 19, 51, 9, 9, 0, 0, 0, 0, 0, 0, 0, 0),
(1064, 20, 51, 9, 9, 0, 0, 0, 0, 0, 0, 0, 0),
(1065, 21, 51, 9, 9, 0, 0, 0, 0, 0, 0, 0, 0),
(1066, 22, 51, 2, 1, 1, 1, 0, 0, 1, 2, 2, 0),
(1067, 23, 51, 1, 1, 1, 1, 1, 1, 1, 6, 0, 0),
(1068, 24, 51, 2, 1, 1, 0, 0, 0, 1, 0, 1, -3),
(1069, 25, 24, 1, 2, 0, 0, 0, 0, 1, 0, 1, -3),
(1070, 26, 24, 1, 1, 0, 0, 0, 0, 1, 0, 1, -1),
(1071, 27, 24, 1, 2, 0, 0, 0, 0, 1, 0, 1, -3),
(1072, 28, 24, 1, 2, 1, 1, 0, 0, 1, 2, 2, 0),
(1073, 29, 24, 1, 1, 0, 0, 0, 0, 1, 0, 1, -1),
(1074, 30, 24, 1, 3, 1, 1, 0, 0, 1, 2, 1, -3),
(1075, 31, 24, 1, 2, 0, 0, 0, 0, 1, 0, 2, 0),
(1076, 32, 24, 2, 1, 0, 0, 0, 0, 1, 0, 3, -1),
(1077, 33, 24, 2, 1, 1, 0, 0, 0, 1, 0, 2, -2),
(1078, 34, 24, 2, 2, 0, 0, 0, 0, 1, 0, 1, -3),
(1079, 35, 24, 2, 2, 0, 1, 1, 0, 1, 2, 0, 2),
(1080, 36, 24, 2, 1, 0, 1, 1, 1, 1, 3, 0, 0),
(1081, 25, 52, 1, 2, 1, 0, 0, 0, 1, 0, 1, -3),
(1082, 26, 52, 1, 0, 0, 0, 0, 0, 1, 0, 2, 0),
(1083, 27, 52, 1, 1, 0, 1, 1, 0, 1, 2, 0, -2),
(1084, 28, 52, 1, 1, 0, 0, 0, 0, 1, 0, 3, 1),
(1085, 29, 52, 0, 2, 0, 1, 0, 0, 1, 1, 1, -1),
(1086, 30, 52, 0, 2, 0, 1, 0, 0, 1, 1, 1, -1),
(1087, 31, 52, 2, 2, 0, 0, 0, 0, 1, 0, 1, -1),
(1088, 32, 52, 1, 1, 0, 0, 0, 0, 1, 0, 2, 0),
(1089, 33, 52, 2, 1, 1, 0, 0, 0, 1, 0, 2, -2),
(1090, 34, 52, 1, 2, 0, 1, 1, 0, 1, 2, 0, -2),
(1091, 35, 52, 1, 2, 0, 0, 0, 0, 1, 0, 1, 3),
(1092, 36, 52, 1, 1, 1, 0, 0, 0, 1, 0, 1, 1),
(1093, 25, 3, 1, 1, 0, 1, 1, 0, 1, 2, 0, -2),
(1094, 26, 3, 1, 1, 0, 0, 0, 0, 1, 0, 1, -1),
(1095, 27, 3, 1, 2, 0, 0, 0, 0, 1, 0, 1, -3),
(1096, 28, 3, 1, 0, 0, 0, 0, 0, 1, 0, 4, 2),
(1097, 29, 3, 0, 1, 0, 1, 1, 1, 1, 3, 0, 0),
(1098, 30, 3, 0, 2, 1, 1, 0, 0, 1, 2, 1, -1),
(1099, 31, 3, 1, 1, 0, 0, 0, 0, 1, 0, 1, 1),
(1100, 32, 3, 1, 0, 0, 0, 0, 0, 1, 0, 3, 1),
(1101, 33, 3, 1, 0, 0, 0, 0, 0, 1, 0, 2, 0),
(1102, 34, 3, 1, 2, 1, 1, 1, 0, 1, 4, 0, -2),
(1103, 35, 3, 0, 2, 1, 0, 0, 0, 1, 0, 2, 4),
(1104, 36, 3, 0, 1, 0, 0, 0, 0, 1, 0, 2, 2),
(1105, 25, 51, 1, 2, 0, 0, 0, 0, 1, 0, 1, -3),
(1106, 26, 51, 0, 1, 0, 1, 1, 1, 1, 3, 0, 0),
(1107, 27, 51, 1, 2, 0, 0, 0, 0, 1, 0, 1, -3),
(1108, 28, 51, 2, 1, 0, 0, 0, 0, 1, 0, 4, 0),
(1109, 29, 51, 1, 3, 0, 1, 0, 0, 1, 1, 1, -3),
(1110, 30, 51, 4, 0, 1, 0, 0, 0, 1, 0, 5, -3),
(1111, 31, 51, 1, 2, 0, 0, 0, 0, 1, 0, 2, 0),
(1112, 32, 51, 1, 1, 0, 0, 0, 0, 1, 0, 2, 0),
(1113, 33, 51, 1, 0, 1, 0, 0, 0, 1, 0, 2, 0),
(1114, 34, 51, 1, 1, 0, 0, 0, 0, 1, 0, 1, -1),
(1115, 35, 51, 0, 1, 0, 0, 0, 0, 1, 0, 1, 5),
(1116, 36, 51, 1, 2, 1, 0, 0, 0, 1, 0, 2, 0),
(1117, 25, 18, 0, 1, 0, 0, 0, 0, 1, 0, 1, -1),
(1118, 26, 18, 2, 1, 0, 0, 0, 0, 1, 0, 2, -2),
(1119, 27, 18, 0, 1, 0, 0, 0, 0, 1, 0, 1, -1),
(1120, 28, 18, 0, 1, 0, 1, 0, 0, 1, 1, 2, 2),
(1121, 29, 18, 0, 2, 1, 1, 0, 0, 1, 2, 1, -1),
(1122, 30, 18, 0, 1, 0, 1, 1, 1, 1, 3, 0, 0),
(1123, 31, 18, 1, 2, 0, 0, 0, 0, 1, 0, 2, 0),
(1124, 32, 18, 1, 0, 1, 0, 0, 0, 1, 0, 3, 1),
(1125, 33, 18, 1, 0, 0, 0, 0, 0, 1, 0, 2, 0),
(1126, 34, 18, 1, 3, 0, 1, 0, 0, 1, 1, 1, -3),
(1127, 35, 18, 0, 2, 1, 0, 0, 0, 1, 0, 2, 4),
(1128, 36, 18, 1, 1, 0, 0, 0, 0, 1, 0, 1, 1),
(1129, 25, 20, 1, 1, 0, 1, 1, 0, 1, 2, 0, -2),
(1130, 26, 20, 1, 0, 0, 0, 0, 0, 1, 0, 2, 0),
(1131, 27, 20, 0, 1, 0, 0, 0, 0, 1, 0, 1, -1),
(1132, 28, 20, 0, 1, 0, 1, 0, 0, 1, 1, 2, 2),
(1133, 29, 20, 0, 2, 1, 1, 0, 0, 1, 2, 1, -1),
(1134, 30, 20, 0, 3, 1, 1, 0, 0, 1, 2, 2, -2),
(1135, 31, 20, 1, 1, 0, 0, 0, 0, 1, 0, 1, 1),
(1136, 32, 20, 0, 1, 0, 1, 0, 0, 1, 1, 1, 1),
(1137, 33, 20, 1, 0, 0, 0, 0, 0, 1, 0, 2, 0),
(1138, 34, 20, 1, 2, 1, 1, 1, 0, 1, 4, 0, -2),
(1139, 35, 20, 0, 2, 0, 0, 0, 0, 1, 0, 2, 4),
(1140, 36, 20, 1, 0, 0, 1, 1, 0, 1, 2, 0, 2),
(1141, 25, 17, 0, 2, 1, 0, 0, 0, 1, 0, 2, -2),
(1142, 26, 17, 2, 1, 0, 0, 0, 0, 1, 0, 2, -2),
(1143, 27, 17, 1, 2, 0, 0, 0, 0, 1, 0, 1, -3),
(1144, 28, 17, 1, 1, 0, 0, 0, 0, 1, 0, 3, 1),
(1145, 29, 17, 2, 1, 0, 0, 0, 0, 1, 0, 2, -2),
(1146, 30, 17, 1, 2, 1, 1, 1, 0, 1, 4, 0, -2),
(1147, 31, 17, 1, 2, 1, 0, 0, 0, 1, 0, 2, 0),
(1148, 32, 17, 1, 2, 0, 1, 0, 0, 1, 1, 1, -1),
(1149, 33, 17, 1, 1, 0, 0, 0, 0, 1, 0, 1, -1),
(1150, 34, 17, 1, 2, 0, 1, 1, 0, 1, 2, 0, -2),
(1151, 35, 17, 1, 2, 0, 0, 0, 0, 1, 0, 1, 3),
(1152, 36, 17, 1, 2, 0, 0, 0, 0, 1, 0, 2, 0),
(1153, 25, 19, 1, 1, 0, 1, 1, 0, 1, 2, 0, -2),
(1154, 26, 19, 1, 1, 0, 0, 0, 0, 1, 0, 1, -1),
(1155, 27, 19, 0, 2, 0, 0, 0, 0, 1, 0, 2, -2),
(1156, 28, 19, 1, 1, 0, 0, 0, 0, 1, 0, 3, 1),
(1157, 29, 19, 0, 2, 1, 1, 0, 0, 1, 2, 1, -1);
INSERT INTO `en_tipp` (`id_tipp`, `id_spiel`, `id_tipper`, `at_tipp_tor_heim`, `at_tipp_tor_gast`, `at_tipp_is_supertipp`, `at_tipp_is_tendenz`, `at_tipp_is_differenz`, `at_tipp_is_exakt`, `at_tipp_is_valid`, `at_tipp_punkte`, `at_tipp_punktem`, `at_tipp_punktek`) VALUES
(1158, 30, 19, 0, 3, 1, 1, 0, 0, 1, 2, 2, -2),
(1159, 31, 19, 1, 1, 0, 0, 0, 0, 1, 0, 1, 1),
(1160, 32, 19, 0, 1, 0, 1, 0, 0, 1, 1, 1, 1),
(1161, 33, 19, 1, 0, 0, 0, 0, 0, 1, 0, 2, 0),
(1162, 34, 19, 0, 1, 1, 1, 1, 1, 1, 6, 0, 0),
(1163, 35, 19, 0, 0, 0, 1, 1, 0, 1, 2, 0, 6),
(1164, 36, 19, 0, 1, 0, 0, 0, 0, 1, 0, 2, 2),
(1165, 25, 45, 0, 1, 1, 0, 0, 0, 1, 0, 1, -1),
(1166, 26, 45, 0, 1, 0, 1, 1, 1, 1, 3, 0, 0),
(1167, 27, 45, 0, 1, 0, 0, 0, 0, 1, 0, 1, -1),
(1168, 28, 45, 1, 0, 0, 0, 0, 0, 1, 0, 4, 2),
(1169, 29, 45, 0, 1, 0, 1, 1, 1, 1, 3, 0, 0),
(1170, 30, 45, 0, 2, 1, 1, 0, 0, 1, 2, 1, -1),
(1171, 31, 45, 1, 2, 0, 0, 0, 0, 1, 0, 2, 0),
(1172, 32, 45, 0, 1, 0, 1, 0, 0, 1, 1, 1, 1),
(1173, 33, 45, 1, 1, 0, 0, 0, 0, 1, 0, 1, -1),
(1174, 34, 45, 0, 1, 0, 1, 1, 1, 1, 3, 0, 0),
(1175, 35, 45, 0, 2, 1, 0, 0, 0, 1, 0, 2, 4),
(1176, 36, 45, 0, 0, 0, 0, 0, 0, 1, 0, 1, 3),
(1177, 25, 11, 0, 3, 0, 0, 0, 0, 1, 0, 3, -3),
(1178, 26, 11, 2, 2, 1, 0, 0, 0, 1, 0, 1, -3),
(1179, 27, 11, 1, 2, 0, 0, 0, 0, 1, 0, 1, -3),
(1180, 28, 11, 2, 1, 0, 0, 0, 0, 1, 0, 4, 0),
(1181, 29, 11, 0, 2, 0, 1, 0, 0, 1, 1, 1, -1),
(1182, 30, 11, 0, 1, 1, 1, 1, 1, 1, 6, 0, 0),
(1183, 31, 11, 1, 1, 0, 0, 0, 0, 1, 0, 1, 1),
(1184, 32, 11, 2, 0, 0, 0, 0, 0, 1, 0, 4, 0),
(1185, 33, 11, 1, 2, 0, 1, 1, 0, 1, 2, 0, -2),
(1186, 34, 11, 0, 2, 0, 1, 0, 0, 1, 1, 1, -1),
(1187, 35, 11, 0, 2, 0, 0, 0, 0, 1, 0, 2, 4),
(1188, 36, 11, 1, 1, 1, 0, 0, 0, 1, 0, 1, 1),
(1189, 25, 53, 2, 1, 1, 0, 0, 0, 1, 0, 1, -3),
(1190, 26, 53, 2, 0, 0, 0, 0, 0, 1, 0, 3, -1),
(1191, 27, 53, 2, 1, 0, 0, 0, 0, 1, 0, 1, -3),
(1192, 28, 53, 3, 0, 0, 0, 0, 0, 1, 0, 6, 0),
(1193, 29, 53, 2, 0, 1, 0, 0, 0, 1, 0, 3, -1),
(1194, 30, 53, 1, 2, 0, 1, 1, 0, 1, 2, 0, -2),
(1195, 31, 53, 1, 3, 1, 0, 0, 0, 1, 0, 3, -1),
(1196, 32, 53, 1, 0, 0, 0, 0, 0, 1, 0, 3, 1),
(1197, 33, 53, 2, 0, 0, 0, 0, 0, 1, 0, 3, -1),
(1198, 34, 53, 2, 1, 0, 0, 0, 0, 1, 0, 2, -2),
(1199, 35, 53, 1, 1, 0, 1, 1, 0, 1, 2, 0, 4),
(1200, 36, 53, 1, 0, 0, 1, 1, 0, 1, 2, 0, 2),
(1201, 25, 1, 1, 1, 0, 1, 1, 0, 1, 2, 0, -2),
(1202, 26, 1, 1, 2, 0, 1, 1, 0, 1, 2, 0, -2),
(1203, 27, 1, 0, 1, 0, 0, 0, 0, 1, 0, 1, -1),
(1204, 28, 1, 2, 0, 0, 0, 0, 0, 1, 0, 5, 1),
(1205, 29, 1, 0, 1, 0, 1, 1, 1, 1, 3, 0, 0),
(1206, 30, 1, 0, 2, 1, 1, 0, 0, 1, 2, 1, -1),
(1207, 31, 1, 0, 2, 0, 0, 0, 0, 1, 0, 3, 1),
(1208, 32, 1, 1, 0, 0, 0, 0, 0, 1, 0, 3, 1),
(1209, 33, 1, 1, 0, 1, 0, 0, 0, 1, 0, 2, 0),
(1210, 34, 1, 0, 1, 1, 1, 1, 1, 1, 6, 0, 0),
(1211, 35, 1, 0, 0, 0, 1, 1, 0, 1, 2, 0, 6),
(1212, 36, 1, 1, 0, 0, 1, 1, 0, 1, 2, 0, 2),
(1213, 25, 38, 0, 1, 0, 0, 0, 0, 1, 0, 1, -1),
(1214, 26, 38, 1, 1, 0, 0, 0, 0, 1, 0, 1, -1),
(1215, 27, 38, 1, 2, 0, 0, 0, 0, 1, 0, 1, -3),
(1216, 28, 38, 0, 1, 0, 1, 0, 0, 1, 1, 2, 2),
(1217, 29, 38, 0, 2, 1, 1, 0, 0, 1, 2, 1, -1),
(1218, 30, 38, 1, 2, 1, 1, 1, 0, 1, 4, 0, -2),
(1219, 31, 38, 2, 1, 0, 1, 1, 1, 1, 3, 0, 0),
(1220, 32, 38, 2, 0, 0, 0, 0, 0, 1, 0, 4, 0),
(1221, 33, 38, 1, 0, 0, 0, 0, 0, 1, 0, 2, 0),
(1222, 34, 38, 0, 2, 0, 1, 0, 0, 1, 1, 1, -1),
(1223, 35, 38, 1, 2, 1, 0, 0, 0, 1, 0, 1, 3),
(1224, 36, 38, 1, 1, 0, 0, 0, 0, 1, 0, 1, 1),
(1225, 25, 44, 0, 1, 0, 0, 0, 0, 1, 0, 1, -1),
(1226, 26, 44, 1, 1, 0, 0, 0, 0, 1, 0, 1, -1),
(1227, 27, 44, 0, 1, 0, 0, 0, 0, 1, 0, 1, -1),
(1228, 28, 44, 0, 1, 1, 1, 0, 0, 1, 2, 2, 2),
(1229, 29, 44, 0, 1, 0, 1, 1, 1, 1, 3, 0, 0),
(1230, 30, 44, 0, 1, 0, 1, 1, 1, 1, 3, 0, 0),
(1231, 31, 44, 0, 2, 1, 0, 0, 0, 1, 0, 3, 1),
(1232, 32, 44, 1, 1, 0, 0, 0, 0, 1, 0, 2, 0),
(1233, 33, 44, 1, 0, 0, 0, 0, 0, 1, 0, 2, 0),
(1234, 34, 44, 0, 1, 0, 1, 1, 1, 1, 3, 0, 0),
(1235, 35, 44, 1, 1, 0, 1, 1, 0, 1, 2, 0, 4),
(1236, 36, 44, 1, 0, 1, 1, 1, 0, 1, 4, 0, 2),
(1237, 25, 16, 1, 1, 0, 1, 1, 0, 1, 2, 0, -2),
(1238, 26, 16, 2, 0, 0, 0, 0, 0, 1, 0, 3, -1),
(1239, 27, 16, 0, 2, 0, 0, 0, 0, 1, 0, 2, -2),
(1240, 28, 16, 1, 1, 0, 0, 0, 0, 1, 0, 3, 1),
(1241, 29, 16, 0, 2, 0, 1, 0, 0, 1, 1, 1, -1),
(1242, 30, 16, 0, 2, 1, 1, 0, 0, 1, 2, 1, -1),
(1243, 31, 16, 0, 2, 0, 0, 0, 0, 1, 0, 3, 1),
(1244, 32, 16, 1, 0, 0, 0, 0, 0, 1, 0, 3, 1),
(1245, 33, 16, 1, 0, 0, 0, 0, 0, 1, 0, 2, 0),
(1246, 34, 16, 1, 0, 1, 0, 0, 0, 1, 0, 2, 0),
(1247, 35, 16, 1, 1, 0, 1, 1, 0, 1, 2, 0, 4),
(1248, 36, 16, 1, 0, 1, 1, 1, 0, 1, 4, 0, 2),
(1249, 25, 40, 1, 1, 0, 1, 1, 0, 1, 2, 0, -2),
(1250, 26, 40, 1, 0, 0, 0, 0, 0, 1, 0, 2, 0),
(1251, 27, 40, 0, 2, 0, 0, 0, 0, 1, 0, 2, -2),
(1252, 28, 40, 1, 1, 0, 0, 0, 0, 1, 0, 3, 1),
(1253, 29, 40, 0, 2, 0, 1, 0, 0, 1, 1, 1, -1),
(1254, 30, 40, 0, 3, 1, 1, 0, 0, 1, 2, 2, -2),
(1255, 31, 40, 0, 1, 1, 0, 0, 0, 1, 0, 2, 2),
(1256, 32, 40, 2, 1, 0, 0, 0, 0, 1, 0, 3, -1),
(1257, 33, 40, 1, 0, 1, 0, 0, 0, 1, 0, 2, 0),
(1258, 34, 40, 0, 2, 0, 1, 0, 0, 1, 1, 1, -1),
(1259, 35, 40, 0, 1, 0, 0, 0, 0, 1, 0, 1, 5),
(1260, 36, 40, 1, 1, 0, 0, 0, 0, 1, 0, 1, 1),
(1261, 25, 8, 1, 1, 1, 1, 1, 0, 1, 4, 0, -2),
(1262, 26, 8, 2, 1, 0, 0, 0, 0, 1, 0, 2, -2),
(1263, 27, 8, 1, 2, 0, 0, 0, 0, 1, 0, 1, -3),
(1264, 28, 8, 0, 1, 0, 1, 0, 0, 1, 1, 2, 2),
(1265, 29, 8, 0, 3, 0, 1, 0, 0, 1, 1, 2, -2),
(1266, 30, 8, 1, 3, 0, 1, 0, 0, 1, 1, 1, -3),
(1267, 31, 8, 0, 2, 1, 0, 0, 0, 1, 0, 3, 1),
(1268, 32, 8, 2, 0, 0, 0, 0, 0, 1, 0, 4, 0),
(1269, 33, 8, 1, 1, 0, 0, 0, 0, 1, 0, 1, -1),
(1270, 34, 8, 2, 2, 0, 0, 0, 0, 1, 0, 1, -3),
(1271, 35, 8, 1, 1, 1, 1, 1, 0, 1, 4, 0, 4),
(1272, 36, 8, 2, 1, 0, 1, 1, 1, 1, 3, 0, 0),
(1273, 25, 54, 1, 2, 0, 0, 0, 0, 1, 0, 1, -3),
(1274, 26, 54, 2, 1, 0, 0, 0, 0, 1, 0, 2, -2),
(1275, 27, 54, 0, 1, 0, 0, 0, 0, 1, 0, 1, -1),
(1276, 28, 54, 0, 2, 1, 1, 0, 0, 1, 2, 1, 1),
(1277, 29, 54, 1, 2, 0, 1, 1, 0, 1, 2, 0, -2),
(1278, 30, 54, 0, 2, 1, 1, 0, 0, 1, 2, 1, -1),
(1279, 31, 54, 0, 1, 0, 0, 0, 0, 1, 0, 2, 2),
(1280, 32, 54, 2, 1, 0, 0, 0, 0, 1, 0, 3, -1),
(1281, 33, 54, 2, 0, 0, 0, 0, 0, 1, 0, 3, -1),
(1282, 34, 54, 1, 1, 1, 0, 0, 0, 1, 0, 1, -1),
(1283, 35, 54, 1, 2, 0, 0, 0, 0, 1, 0, 1, 3),
(1284, 36, 54, 1, 0, 0, 1, 1, 0, 1, 2, 0, 2),
(1285, 25, 47, 1, 2, 0, 0, 0, 0, 1, 0, 1, -3),
(1286, 26, 47, 1, 0, 0, 0, 0, 0, 1, 0, 2, 0),
(1287, 27, 47, 2, 2, 0, 1, 1, 0, 1, 2, 0, -4),
(1288, 28, 47, 1, 0, 0, 0, 0, 0, 1, 0, 4, 2),
(1289, 29, 47, 0, 1, 0, 1, 1, 1, 1, 3, 0, 0),
(1290, 30, 47, 0, 2, 1, 1, 0, 0, 1, 2, 1, -1),
(1291, 31, 47, 1, 2, 1, 0, 0, 0, 1, 0, 2, 0),
(1292, 32, 47, 1, 0, 0, 0, 0, 0, 1, 0, 3, 1),
(1293, 33, 47, 1, 0, 0, 0, 0, 0, 1, 0, 2, 0),
(1294, 34, 47, 1, 2, 0, 1, 1, 0, 1, 2, 0, -2),
(1295, 35, 47, 0, 1, 1, 0, 0, 0, 1, 0, 1, 5),
(1296, 36, 47, 0, 1, 0, 0, 0, 0, 1, 0, 2, 2),
(1297, 25, 55, 0, 2, 1, 0, 0, 0, 1, 0, 2, -2),
(1298, 26, 55, 1, 0, 0, 0, 0, 0, 1, 0, 2, 0),
(1299, 27, 55, 1, 2, 0, 0, 0, 0, 1, 0, 1, -3),
(1300, 28, 55, 1, 1, 0, 0, 0, 0, 1, 0, 3, 1),
(1301, 29, 55, 1, 1, 0, 0, 0, 0, 1, 0, 1, -1),
(1302, 30, 55, 0, 2, 1, 1, 0, 0, 1, 2, 1, -1),
(1303, 31, 55, 1, 3, 0, 0, 0, 0, 1, 0, 3, -1),
(1304, 32, 55, 1, 1, 0, 0, 0, 0, 1, 0, 2, 0),
(1305, 33, 55, 2, 0, 1, 0, 0, 0, 1, 0, 3, -1),
(1306, 34, 55, 1, 2, 0, 1, 1, 0, 1, 2, 0, -2),
(1307, 35, 55, 0, 2, 0, 0, 0, 0, 1, 0, 2, 4),
(1308, 36, 55, 1, 1, 0, 0, 0, 0, 1, 0, 1, 1),
(1309, 25, 12, 1, 2, 0, 0, 0, 0, 1, 0, 1, -3),
(1310, 26, 12, 0, 1, 0, 1, 1, 1, 1, 3, 0, 0),
(1311, 27, 12, 1, 2, 0, 0, 0, 0, 1, 0, 1, -3),
(1312, 28, 12, 0, 1, 0, 1, 0, 0, 1, 1, 2, 2),
(1313, 29, 12, 0, 2, 1, 1, 0, 0, 1, 2, 1, -1),
(1314, 30, 12, 0, 2, 1, 1, 0, 0, 1, 2, 1, -1),
(1315, 31, 12, 0, 2, 1, 0, 0, 0, 1, 0, 3, 1),
(1316, 32, 12, 1, 0, 0, 0, 0, 0, 1, 0, 3, 1),
(1317, 33, 12, 1, 0, 0, 0, 0, 0, 1, 0, 2, 0),
(1318, 34, 12, 0, 1, 0, 1, 1, 1, 1, 3, 0, 0),
(1319, 35, 12, 2, 1, 0, 0, 0, 0, 1, 0, 1, 3),
(1320, 36, 12, 1, 0, 0, 1, 1, 0, 1, 2, 0, 2),
(1321, 25, 9, 0, 1, 0, 0, 0, 0, 1, 0, 1, -1),
(1322, 26, 9, 1, 0, 0, 0, 0, 0, 1, 0, 2, 0),
(1323, 27, 9, 1, 2, 0, 0, 0, 0, 1, 0, 1, -3),
(1324, 28, 9, 0, 0, 0, 0, 0, 0, 1, 0, 3, 3),
(1325, 29, 9, 0, 2, 1, 1, 0, 0, 1, 2, 1, -1),
(1326, 30, 9, 0, 2, 1, 1, 0, 0, 1, 2, 1, -1),
(1327, 31, 9, 0, 2, 1, 0, 0, 0, 1, 0, 3, 1),
(1328, 32, 9, 1, 1, 0, 0, 0, 0, 1, 0, 2, 0),
(1329, 33, 9, 2, 0, 0, 0, 0, 0, 1, 0, 3, -1),
(1330, 34, 9, 0, 2, 0, 1, 0, 0, 1, 1, 1, -1),
(1331, 35, 9, 0, 1, 0, 0, 0, 0, 1, 0, 1, 5),
(1332, 36, 9, 1, 2, 0, 0, 0, 0, 1, 0, 2, 0),
(1333, 25, 41, 0, 2, 1, 0, 0, 0, 1, 0, 2, -2),
(1334, 26, 41, 1, 1, 0, 0, 0, 0, 1, 0, 1, -1),
(1335, 27, 41, 1, 1, 0, 1, 1, 0, 1, 2, 0, -2),
(1336, 28, 41, 2, 1, 0, 0, 0, 0, 1, 0, 4, 0),
(1337, 29, 41, 0, 2, 0, 1, 0, 0, 1, 1, 1, -1),
(1338, 30, 41, 0, 2, 1, 1, 0, 0, 1, 2, 1, -1),
(1339, 31, 41, 1, 2, 0, 0, 0, 0, 1, 0, 2, 0),
(1340, 32, 41, 2, 1, 0, 0, 0, 0, 1, 0, 3, -1),
(1341, 33, 41, 1, 1, 0, 0, 0, 0, 1, 0, 1, -1),
(1342, 34, 41, 1, 2, 1, 1, 1, 0, 1, 4, 0, -2),
(1343, 35, 41, 1, 2, 0, 0, 0, 0, 1, 0, 1, 3),
(1344, 36, 41, 0, 1, 0, 0, 0, 0, 1, 0, 2, 2),
(1345, 25, 48, 0, 1, 0, 0, 0, 0, 1, 0, 1, -1),
(1346, 26, 48, 1, 1, 0, 0, 0, 0, 1, 0, 1, -1),
(1347, 27, 48, 1, 1, 1, 1, 1, 0, 1, 4, 0, -2),
(1348, 28, 48, 0, 2, 0, 1, 0, 0, 1, 1, 1, 1),
(1349, 29, 48, 0, 2, 1, 1, 0, 0, 1, 2, 1, -1),
(1350, 30, 48, 0, 2, 1, 1, 0, 0, 1, 2, 1, -1),
(1351, 31, 48, 2, 3, 0, 0, 0, 0, 1, 0, 2, -2),
(1352, 32, 48, 3, 1, 0, 0, 0, 0, 1, 0, 4, -2),
(1353, 33, 48, 2, 0, 0, 0, 0, 0, 1, 0, 3, -1),
(1354, 34, 48, 1, 2, 0, 1, 1, 0, 1, 2, 0, -2),
(1355, 35, 48, 2, 1, 0, 0, 0, 0, 1, 0, 1, 3),
(1356, 36, 48, 1, 0, 0, 1, 1, 0, 1, 2, 0, 2),
(1357, 25, 21, 1, 2, 1, 0, 0, 0, 1, 0, 1, -3),
(1358, 26, 21, 0, 1, 0, 1, 1, 1, 1, 3, 0, 0),
(1359, 27, 21, 1, 3, 0, 0, 0, 0, 1, 0, 2, -4),
(1360, 28, 21, 0, 2, 0, 1, 0, 0, 1, 1, 1, 1),
(1361, 29, 21, 3, 1, 0, 0, 0, 0, 1, 0, 3, -3),
(1362, 30, 21, 1, 2, 0, 1, 1, 0, 1, 2, 0, -2),
(1363, 31, 21, 0, 3, 1, 0, 0, 0, 1, 0, 4, 0),
(1364, 32, 21, 1, 0, 0, 0, 0, 0, 1, 0, 3, 1),
(1365, 33, 21, 1, 0, 0, 0, 0, 0, 1, 0, 2, 0),
(1366, 34, 21, 0, 3, 0, 1, 0, 0, 1, 1, 2, -2),
(1367, 35, 21, 2, 4, 0, 0, 0, 0, 1, 0, 2, 0),
(1368, 36, 21, 2, 1, 1, 1, 1, 1, 1, 6, 0, 0),
(1369, 25, 39, 1, 1, 1, 1, 1, 0, 1, 4, 0, -2),
(1370, 26, 39, 0, 1, 0, 1, 1, 1, 1, 3, 0, 0),
(1371, 27, 39, 1, 0, 0, 0, 0, 0, 1, 0, 1, -1),
(1372, 28, 39, 1, 2, 0, 1, 0, 0, 1, 1, 2, 0),
(1373, 29, 39, 1, 2, 0, 1, 1, 0, 1, 2, 0, -2),
(1374, 30, 39, 0, 3, 0, 1, 0, 0, 1, 1, 2, -2),
(1375, 31, 39, 2, 2, 0, 0, 0, 0, 1, 0, 1, -1),
(1376, 32, 39, 0, 2, 1, 1, 1, 1, 1, 6, 0, 0),
(1377, 33, 39, 1, 1, 0, 0, 0, 0, 1, 0, 1, -1),
(1378, 34, 39, 2, 1, 1, 0, 0, 0, 1, 0, 2, -2),
(1379, 35, 39, 1, 0, 0, 0, 0, 0, 1, 0, 1, 5),
(1380, 36, 39, 0, 2, 0, 0, 0, 0, 1, 0, 3, 1),
(1381, 25, 22, 1, 2, 1, 0, 0, 0, 1, 0, 1, -3),
(1382, 26, 22, 1, 1, 0, 0, 0, 0, 1, 0, 1, -1),
(1383, 27, 22, 0, 2, 0, 0, 0, 0, 1, 0, 2, -2),
(1384, 28, 22, 0, 2, 0, 1, 0, 0, 1, 1, 1, 1),
(1385, 29, 22, 1, 1, 1, 0, 0, 0, 1, 0, 1, -1),
(1386, 30, 22, 0, 3, 0, 1, 0, 0, 1, 1, 2, -2),
(1387, 31, 22, 1, 3, 0, 0, 0, 0, 1, 0, 3, -1),
(1388, 32, 22, 1, 1, 1, 0, 0, 0, 1, 0, 2, 0),
(1389, 33, 22, 1, 0, 0, 0, 0, 0, 1, 0, 2, 0),
(1390, 34, 22, 1, 2, 0, 1, 1, 0, 1, 2, 0, -2),
(1391, 35, 22, 0, 2, 0, 0, 0, 0, 1, 0, 2, 4),
(1392, 36, 22, 1, 1, 0, 0, 0, 0, 1, 0, 1, 1),
(1393, 25, 15, 0, 2, 1, 0, 0, 0, 1, 0, 2, -2),
(1394, 26, 15, 1, 1, 0, 0, 0, 0, 1, 0, 1, -1),
(1395, 27, 15, 1, 0, 0, 0, 0, 0, 1, 0, 1, -1),
(1396, 28, 15, 1, 2, 0, 1, 0, 0, 1, 1, 2, 0),
(1397, 29, 15, 1, 3, 1, 1, 0, 0, 1, 2, 1, -3),
(1398, 30, 15, 1, 2, 1, 1, 1, 0, 1, 4, 0, -2),
(1399, 31, 15, 0, 3, 0, 0, 0, 0, 1, 0, 4, 0),
(1400, 32, 15, 2, 0, 0, 0, 0, 0, 1, 0, 4, 0),
(1401, 33, 15, 2, 1, 0, 0, 0, 0, 1, 0, 2, -2),
(1402, 34, 15, 1, 2, 0, 1, 1, 0, 1, 2, 0, -2),
(1403, 35, 15, 1, 1, 0, 1, 1, 0, 1, 2, 0, 4),
(1404, 36, 15, 1, 1, 0, 0, 0, 0, 1, 0, 1, 1),
(1405, 25, 4, 1, 2, 0, 0, 0, 0, 1, 0, 1, -3),
(1406, 26, 4, 2, 0, 0, 0, 0, 0, 1, 0, 3, -1),
(1407, 27, 4, 1, 2, 0, 0, 0, 0, 1, 0, 1, -3),
(1408, 28, 4, 1, 0, 0, 0, 0, 0, 1, 0, 4, 2),
(1409, 29, 4, 0, 1, 0, 1, 1, 1, 1, 3, 0, 0),
(1410, 30, 4, 0, 2, 1, 1, 0, 0, 1, 2, 1, -1),
(1411, 31, 4, 1, 3, 1, 0, 0, 0, 1, 0, 3, -1),
(1412, 32, 4, 2, 1, 0, 0, 0, 0, 1, 0, 3, -1),
(1413, 33, 4, 2, 1, 0, 0, 0, 0, 1, 0, 2, -2),
(1414, 34, 4, 0, 2, 1, 1, 0, 0, 1, 2, 1, -1),
(1415, 35, 4, 1, 2, 0, 0, 0, 0, 1, 0, 1, 3),
(1416, 36, 4, 2, 0, 0, 1, 0, 0, 1, 1, 1, 1),
(1417, 25, 25, 1, 1, 0, 1, 1, 0, 1, 2, 0, -2),
(1418, 26, 25, 0, 1, 0, 1, 1, 1, 1, 3, 0, 0),
(1419, 27, 25, 0, 2, 1, 0, 0, 0, 1, 0, 2, -2),
(1420, 28, 25, 0, 1, 0, 1, 0, 0, 1, 1, 2, 2),
(1421, 29, 25, 0, 2, 1, 1, 0, 0, 1, 2, 1, -1),
(1422, 30, 25, 0, 2, 0, 1, 0, 0, 1, 1, 1, -1),
(1423, 31, 25, 1, 1, 0, 0, 0, 0, 1, 0, 1, 1),
(1424, 32, 25, 1, 0, 0, 0, 0, 0, 1, 0, 3, 1),
(1425, 33, 25, 2, 0, 0, 0, 0, 0, 1, 0, 3, -1),
(1426, 34, 25, 0, 2, 1, 1, 0, 0, 1, 2, 1, -1),
(1427, 35, 25, 1, 1, 0, 1, 1, 0, 1, 2, 0, 4),
(1428, 36, 25, 1, 0, 0, 1, 1, 0, 1, 2, 0, 2),
(1429, 25, 26, 0, 2, 1, 0, 0, 0, 1, 0, 2, -2),
(1430, 26, 26, 1, 0, 0, 0, 0, 0, 1, 0, 2, 0),
(1431, 27, 26, 1, 2, 0, 0, 0, 0, 1, 0, 1, -3),
(1432, 28, 26, 1, 1, 0, 0, 0, 0, 1, 0, 3, 1),
(1433, 29, 26, 2, 1, 0, 0, 0, 0, 1, 0, 2, -2),
(1434, 30, 26, 1, 3, 1, 1, 0, 0, 1, 2, 1, -3),
(1435, 31, 26, 1, 2, 1, 0, 0, 0, 1, 0, 2, 0),
(1436, 32, 26, 0, 1, 0, 1, 0, 0, 1, 1, 1, 1),
(1437, 33, 26, 1, 0, 0, 0, 0, 0, 1, 0, 2, 0),
(1438, 34, 26, 1, 1, 0, 0, 0, 0, 1, 0, 1, -1),
(1439, 35, 26, 0, 2, 0, 0, 0, 0, 1, 0, 2, 4),
(1440, 36, 26, 1, 0, 0, 1, 1, 0, 1, 2, 0, 2),
(1441, 25, 50, 0, 1, 0, 0, 0, 0, 1, 0, 1, -1),
(1442, 26, 50, 1, 0, 0, 0, 0, 0, 1, 0, 2, 0),
(1443, 27, 50, 1, 2, 0, 0, 0, 0, 1, 0, 1, -3),
(1444, 28, 50, 1, 1, 0, 0, 0, 0, 1, 0, 3, 1),
(1445, 29, 50, 0, 1, 0, 1, 1, 1, 1, 3, 0, 0),
(1446, 30, 50, 0, 2, 1, 1, 0, 0, 1, 2, 1, -1),
(1447, 31, 50, 1, 2, 0, 0, 0, 0, 1, 0, 2, 0),
(1448, 32, 50, 1, 0, 0, 0, 0, 0, 1, 0, 3, 1),
(1449, 33, 50, 1, 0, 1, 0, 0, 0, 1, 0, 2, 0),
(1450, 34, 50, 1, 2, 0, 1, 1, 0, 1, 2, 0, -2),
(1451, 35, 50, 0, 2, 1, 0, 0, 0, 1, 0, 2, 4),
(1452, 36, 50, 1, 1, 0, 0, 0, 0, 1, 0, 1, 1),
(1453, 25, 43, 1, 2, 0, 0, 0, 0, 1, 0, 1, -3),
(1454, 26, 43, 2, 0, 0, 0, 0, 0, 1, 0, 3, -1),
(1455, 27, 43, 1, 2, 0, 0, 0, 0, 1, 0, 1, -3),
(1456, 28, 43, 1, 1, 0, 0, 0, 0, 1, 0, 3, 1),
(1457, 29, 43, 0, 1, 0, 1, 1, 1, 1, 3, 0, 0),
(1458, 30, 43, 1, 3, 1, 1, 0, 0, 1, 2, 1, -3),
(1459, 31, 43, 1, 2, 1, 0, 0, 0, 1, 0, 2, 0),
(1460, 32, 43, 1, 1, 0, 0, 0, 0, 1, 0, 2, 0),
(1461, 33, 43, 1, 0, 1, 0, 0, 0, 1, 0, 2, 0),
(1462, 34, 43, 1, 2, 0, 1, 1, 0, 1, 2, 0, -2),
(1463, 35, 43, 0, 1, 0, 0, 0, 0, 1, 0, 1, 5),
(1464, 36, 43, 1, 1, 0, 0, 0, 0, 1, 0, 1, 1),
(1465, 25, 7, 9, 9, 0, 0, 0, 0, 0, 0, 0, 0),
(1466, 26, 7, 9, 9, 0, 0, 0, 0, 0, 0, 0, 0),
(1467, 27, 7, 1, 2, 1, 0, 0, 0, 1, 0, 1, -3),
(1468, 28, 7, 1, 1, 0, 0, 0, 0, 1, 0, 3, 1),
(1469, 29, 7, 1, 3, 0, 1, 0, 0, 1, 1, 1, -3),
(1470, 30, 7, 0, 4, 0, 1, 0, 0, 1, 1, 3, -3),
(1471, 31, 7, 1, 3, 0, 0, 0, 0, 1, 0, 3, -1),
(1472, 32, 7, 1, 3, 1, 1, 1, 0, 1, 4, 0, -2),
(1473, 33, 7, 2, 0, 1, 0, 0, 0, 1, 0, 3, -1),
(1474, 34, 7, 1, 3, 0, 1, 0, 0, 1, 1, 1, -3),
(1475, 35, 7, 1, 1, 0, 1, 1, 0, 1, 2, 0, 4),
(1476, 36, 7, 1, 0, 0, 1, 1, 0, 1, 2, 0, 2),
(1477, 37, 44, 0, 1, 0, 1, 1, 0, 1, 2, 0, 10),
(1478, 38, 44, 1, 0, 0, 1, 1, 1, 1, 3, 0, 0),
(1479, 39, 44, 1, 0, 0, 0, 0, 0, 1, 0, 2, 0),
(1480, 40, 44, 1, 0, 1, 1, 1, 0, 1, 4, 0, 2),
(1481, 41, 44, 1, 0, 1, 1, 0, 0, 1, 2, 2, 2),
(1482, 42, 44, 0, 1, 0, 1, 0, 0, 1, 1, 3, 3),
(1483, 43, 44, 0, 1, 0, 0, 0, 0, 1, 0, 3, 1),
(1484, 44, 44, 0, 1, 0, 1, 1, 0, 1, 2, 0, 2),
(1485, 37, 55, 0, 1, 0, 1, 1, 0, 1, 2, 0, 10),
(1486, 38, 55, 2, 0, 0, 1, 0, 0, 1, 1, 1, -1),
(1487, 39, 55, 2, 1, 0, 0, 0, 0, 1, 0, 2, -2),
(1488, 40, 55, 2, 1, 0, 1, 1, 1, 1, 3, 0, 0),
(1489, 41, 55, 2, 1, 0, 1, 0, 0, 1, 1, 2, 0),
(1490, 42, 55, 1, 2, 1, 1, 0, 0, 1, 2, 3, 1),
(1491, 43, 55, 1, 2, 0, 0, 0, 0, 1, 0, 3, -1),
(1492, 44, 55, 1, 0, 1, 0, 0, 0, 1, 0, 2, 2),
(1493, 37, 50, 2, 1, 0, 0, 0, 0, 1, 0, 2, 8),
(1494, 38, 50, 1, 0, 0, 1, 1, 1, 1, 3, 0, 0),
(1495, 39, 50, 2, 1, 0, 0, 0, 0, 1, 0, 2, -2),
(1496, 40, 50, 2, 1, 1, 1, 1, 1, 1, 6, 0, 0),
(1497, 41, 50, 2, 0, 1, 1, 0, 0, 1, 2, 1, 1),
(1498, 42, 50, 1, 2, 0, 1, 0, 0, 1, 1, 3, 1),
(1499, 43, 50, 1, 2, 0, 0, 0, 0, 1, 0, 3, -1),
(1500, 44, 50, 2, 1, 0, 0, 0, 0, 1, 0, 2, 0),
(1501, 37, 28, 0, 1, 0, 1, 1, 0, 1, 2, 0, 10),
(1502, 38, 28, 1, 0, 0, 1, 1, 1, 1, 3, 0, 0),
(1503, 39, 28, 1, 0, 0, 0, 0, 0, 1, 0, 2, 0),
(1504, 40, 28, 1, 0, 1, 1, 1, 0, 1, 4, 0, 2),
(1505, 41, 28, 1, 0, 1, 1, 0, 0, 1, 2, 2, 2),
(1506, 42, 28, 0, 1, 0, 1, 0, 0, 1, 1, 3, 3),
(1507, 43, 28, 0, 1, 0, 0, 0, 0, 1, 0, 3, 1),
(1508, 44, 28, 1, 0, 0, 0, 0, 0, 1, 0, 2, 2),
(1509, 37, 3, 2, 1, 0, 0, 0, 0, 1, 0, 2, 8),
(1510, 38, 3, 2, 0, 0, 1, 0, 0, 1, 1, 1, -1),
(1511, 39, 3, 2, 1, 0, 0, 0, 0, 1, 0, 2, -2),
(1512, 40, 3, 3, 0, 0, 1, 0, 0, 1, 1, 2, 0),
(1513, 41, 3, 3, 0, 0, 1, 1, 1, 1, 3, 0, 0),
(1514, 42, 3, 2, 1, 0, 0, 0, 0, 1, 0, 5, 1),
(1515, 43, 3, 1, 0, 1, 1, 0, 0, 1, 2, 1, 1),
(1516, 44, 3, 2, 0, 1, 0, 0, 0, 1, 0, 3, 1),
(1517, 37, 41, 2, 1, 0, 0, 0, 0, 1, 0, 2, 8),
(1518, 38, 41, 1, 0, 0, 1, 1, 1, 1, 3, 0, 0),
(1519, 39, 41, 2, 1, 0, 0, 0, 0, 1, 0, 2, -2),
(1520, 40, 41, 2, 0, 0, 1, 0, 0, 1, 1, 1, 1),
(1521, 41, 41, 3, 0, 1, 1, 1, 1, 1, 6, 0, 0),
(1522, 42, 41, 1, 2, 0, 1, 0, 0, 1, 1, 3, 1),
(1523, 43, 41, 1, 2, 0, 0, 0, 0, 1, 0, 3, -1),
(1524, 44, 41, 1, 0, 1, 0, 0, 0, 1, 0, 2, 2),
(1525, 37, 22, 2, 3, 0, 1, 1, 0, 1, 2, 0, 6),
(1526, 38, 22, 2, 0, 0, 1, 0, 0, 1, 1, 1, -1),
(1527, 39, 22, 2, 1, 0, 0, 0, 0, 1, 0, 2, -2),
(1528, 40, 22, 2, 0, 1, 1, 0, 0, 1, 2, 1, 1),
(1529, 41, 22, 3, 0, 1, 1, 1, 1, 1, 6, 0, 0),
(1530, 42, 22, 1, 2, 0, 1, 0, 0, 1, 1, 3, 1),
(1531, 43, 22, 1, 0, 0, 1, 0, 0, 1, 1, 1, 1),
(1532, 44, 22, 1, 2, 0, 1, 1, 1, 1, 3, 0, 0),
(1533, 37, 1, 2, 1, 1, 0, 0, 0, 1, 0, 2, 8),
(1534, 38, 1, 2, 0, 0, 1, 0, 0, 1, 1, 1, -1),
(1535, 39, 1, 0, 1, 0, 1, 1, 1, 1, 3, 0, 0),
(1536, 40, 1, 2, 0, 0, 1, 0, 0, 1, 1, 1, 1),
(1537, 41, 1, 2, 0, 0, 1, 0, 0, 1, 1, 1, 1),
(1538, 42, 1, 0, 2, 0, 1, 0, 0, 1, 1, 2, 2),
(1539, 43, 1, 0, 1, 1, 0, 0, 0, 1, 0, 3, 1),
(1540, 44, 1, 0, 1, 0, 1, 1, 0, 1, 2, 0, 2),
(1541, 37, 23, 1, 0, 0, 0, 0, 0, 1, 0, 2, 10),
(1542, 38, 23, 2, 1, 1, 1, 1, 0, 1, 4, 0, -2),
(1543, 39, 23, 4, 5, 0, 1, 1, 0, 1, 2, 0, -8),
(1544, 40, 23, 1, 0, 0, 1, 1, 0, 1, 2, 0, 2),
(1545, 41, 23, 2, 1, 1, 1, 0, 0, 1, 2, 2, 0),
(1546, 42, 23, 0, 2, 0, 1, 0, 0, 1, 1, 2, 2),
(1547, 43, 23, 5, 4, 0, 1, 0, 0, 1, 1, 1, -7),
(1548, 44, 23, 1, 0, 0, 0, 0, 0, 1, 0, 2, 2),
(1549, 37, 43, 1, 2, 0, 1, 1, 0, 1, 2, 0, 8),
(1550, 38, 43, 1, 0, 0, 1, 1, 1, 1, 3, 0, 0),
(1551, 39, 43, 2, 1, 0, 0, 0, 0, 1, 0, 2, -2),
(1552, 40, 43, 2, 0, 1, 1, 0, 0, 1, 2, 1, 1),
(1553, 41, 43, 2, 0, 1, 1, 0, 0, 1, 2, 1, 1),
(1554, 42, 43, 1, 2, 0, 1, 0, 0, 1, 1, 3, 1),
(1555, 43, 43, 1, 0, 0, 1, 0, 0, 1, 1, 1, 1),
(1556, 44, 43, 1, 0, 0, 0, 0, 0, 1, 0, 2, 2),
(1557, 37, 47, 2, 1, 0, 0, 0, 0, 1, 0, 2, 8),
(1558, 38, 47, 2, 0, 1, 1, 0, 0, 1, 2, 1, -1),
(1559, 39, 47, 1, 0, 0, 0, 0, 0, 1, 0, 2, 0),
(1560, 40, 47, 3, 1, 0, 1, 0, 0, 1, 1, 1, -1),
(1561, 41, 47, 2, 0, 0, 1, 0, 0, 1, 1, 1, 1),
(1562, 42, 47, 1, 2, 0, 1, 0, 0, 1, 1, 3, 1),
(1563, 43, 47, 2, 3, 0, 0, 0, 0, 1, 0, 3, -3),
(1564, 44, 47, 2, 0, 1, 0, 0, 0, 1, 0, 3, 1),
(1565, 37, 21, 2, 1, 0, 0, 0, 0, 1, 0, 2, 8),
(1566, 38, 21, 0, 1, 0, 0, 0, 0, 1, 0, 2, 0),
(1567, 39, 21, 3, 2, 0, 0, 0, 0, 1, 0, 2, -4),
(1568, 40, 21, 2, 0, 0, 1, 0, 0, 1, 1, 1, 1),
(1569, 41, 21, 1, 0, 1, 1, 0, 0, 1, 2, 2, 2),
(1570, 42, 21, 0, 1, 0, 1, 0, 0, 1, 1, 3, 3),
(1571, 43, 21, 1, 2, 1, 0, 0, 0, 1, 0, 3, -1),
(1572, 44, 21, 1, 2, 0, 1, 1, 1, 1, 3, 0, 0),
(1573, 37, 17, 3, 4, 0, 1, 1, 0, 1, 2, 0, 4),
(1574, 38, 17, 4, 5, 0, 0, 0, 0, 1, 0, 2, -8),
(1575, 39, 17, 4, 3, 0, 0, 0, 0, 1, 0, 2, -6),
(1576, 40, 17, 2, 0, 1, 1, 0, 0, 1, 2, 1, 1),
(1577, 41, 17, 2, 0, 1, 1, 0, 0, 1, 2, 1, 1),
(1578, 42, 17, 1, 2, 0, 1, 0, 0, 1, 1, 3, 1),
(1579, 43, 17, 0, 1, 0, 0, 0, 0, 1, 0, 3, 1),
(1580, 44, 17, 2, 0, 0, 0, 0, 0, 1, 0, 3, 1),
(1581, 37, 51, 1, 2, 0, 1, 1, 0, 1, 2, 0, 8),
(1582, 38, 51, 2, 1, 0, 1, 1, 0, 1, 2, 0, -2),
(1583, 39, 51, 1, 2, 0, 1, 1, 0, 1, 2, 0, -2),
(1584, 40, 51, 2, 0, 0, 1, 0, 0, 1, 1, 1, 1),
(1585, 41, 51, 3, 0, 1, 1, 1, 1, 1, 6, 0, 0),
(1586, 42, 51, 1, 2, 0, 1, 0, 0, 1, 1, 3, 1),
(1587, 43, 51, 4, 5, 1, 0, 0, 0, 1, 0, 3, -7),
(1588, 44, 51, 2, 0, 0, 0, 0, 0, 1, 0, 3, 1),
(1589, 37, 8, 5, 4, 0, 0, 0, 0, 1, 0, 2, 2),
(1590, 38, 8, 2, 1, 0, 1, 1, 0, 1, 2, 0, -2),
(1591, 39, 8, 2, 1, 0, 0, 0, 0, 1, 0, 2, -2),
(1592, 40, 8, 2, 0, 0, 1, 0, 0, 1, 1, 1, 1),
(1593, 41, 8, 3, 0, 1, 1, 1, 1, 1, 6, 0, 0),
(1594, 42, 8, 1, 3, 0, 1, 0, 0, 1, 1, 2, 0),
(1595, 43, 8, 4, 5, 1, 0, 0, 0, 1, 0, 3, -7),
(1596, 44, 8, 2, 1, 0, 0, 0, 0, 1, 0, 2, 0),
(1597, 37, 11, 1, 3, 0, 1, 0, 0, 1, 1, 1, 7),
(1598, 38, 11, 2, 0, 0, 1, 0, 0, 1, 1, 1, -1),
(1599, 39, 11, 2, 0, 0, 0, 0, 0, 1, 0, 3, -1),
(1600, 40, 11, 2, 0, 0, 1, 0, 0, 1, 1, 1, 1),
(1601, 41, 11, 2, 0, 1, 1, 0, 0, 1, 2, 1, 1),
(1602, 42, 11, 1, 3, 0, 1, 0, 0, 1, 1, 2, 0),
(1603, 43, 11, 0, 2, 0, 0, 0, 0, 1, 0, 4, 0),
(1604, 44, 11, 2, 0, 1, 0, 0, 0, 1, 0, 3, 1),
(1605, 37, 52, 1, 2, 0, 1, 1, 0, 1, 2, 0, 8),
(1606, 38, 52, 2, 0, 0, 1, 0, 0, 1, 1, 1, -1),
(1607, 39, 52, 2, 0, 0, 0, 0, 0, 1, 0, 3, -1),
(1608, 40, 52, 2, 1, 1, 1, 1, 1, 1, 6, 0, 0),
(1609, 41, 52, 2, 1, 1, 1, 0, 0, 1, 2, 2, 0),
(1610, 42, 52, 2, 4, 0, 1, 0, 0, 1, 1, 2, -2),
(1611, 43, 52, 3, 4, 0, 0, 0, 0, 1, 0, 3, -5),
(1612, 44, 52, 3, 1, 0, 0, 0, 0, 1, 0, 3, -1),
(1613, 37, 18, 0, 1, 0, 1, 1, 0, 1, 2, 0, 10),
(1614, 38, 18, 2, 1, 0, 1, 1, 0, 1, 2, 0, -2),
(1615, 39, 18, 2, 1, 0, 0, 0, 0, 1, 0, 2, -2),
(1616, 40, 18, 2, 0, 1, 1, 0, 0, 1, 2, 1, 1),
(1617, 41, 18, 2, 0, 1, 1, 0, 0, 1, 2, 1, 1),
(1618, 42, 18, 3, 2, 0, 0, 0, 0, 1, 0, 5, -1),
(1619, 43, 18, 1, 0, 0, 1, 0, 0, 1, 1, 1, 1),
(1620, 44, 18, 3, 4, 0, 1, 1, 0, 1, 2, 0, -4),
(1621, 37, 27, 0, 1, 0, 1, 1, 0, 1, 2, 0, 10),
(1622, 38, 27, 1, 0, 0, 1, 1, 1, 1, 3, 0, 0),
(1623, 39, 27, 0, 1, 0, 1, 1, 1, 1, 3, 0, 0),
(1624, 40, 27, 1, 0, 0, 1, 1, 0, 1, 2, 0, 2),
(1625, 41, 27, 1, 0, 1, 1, 0, 0, 1, 2, 2, 2),
(1626, 42, 27, 0, 1, 0, 1, 0, 0, 1, 1, 3, 3),
(1627, 43, 27, 0, 1, 1, 0, 0, 0, 1, 0, 3, 1),
(1628, 44, 27, 1, 0, 0, 0, 0, 0, 1, 0, 2, 2),
(1629, 37, 20, 0, 1, 0, 1, 1, 0, 1, 2, 0, 10),
(1630, 38, 20, 1, 0, 0, 1, 1, 1, 1, 3, 0, 0),
(1631, 39, 20, 2, 1, 0, 0, 0, 0, 1, 0, 2, -2),
(1632, 40, 20, 1, 0, 1, 1, 1, 0, 1, 4, 0, 2),
(1633, 41, 20, 2, 0, 1, 1, 0, 0, 1, 2, 1, 1),
(1634, 42, 20, 0, 2, 0, 1, 0, 0, 1, 1, 2, 2),
(1635, 43, 20, 0, 1, 0, 0, 0, 0, 1, 0, 3, 1),
(1636, 44, 20, 1, 0, 0, 0, 0, 0, 1, 0, 2, 2),
(1637, 37, 38, 1, 2, 0, 1, 1, 0, 1, 2, 0, 8),
(1638, 38, 38, 1, 0, 0, 1, 1, 1, 1, 3, 0, 0),
(1639, 39, 38, 5, 4, 1, 0, 0, 0, 1, 0, 2, -8),
(1640, 40, 38, 1, 0, 0, 1, 1, 0, 1, 2, 0, 2),
(1641, 41, 38, 2, 1, 1, 1, 0, 0, 1, 2, 2, 0),
(1642, 42, 38, 1, 0, 0, 0, 0, 0, 1, 0, 5, 3),
(1643, 43, 38, 4, 5, 0, 0, 0, 0, 1, 0, 3, -7),
(1644, 44, 38, 2, 1, 0, 0, 0, 0, 1, 0, 2, 0),
(1645, 37, 12, 1, 0, 0, 0, 0, 0, 1, 0, 2, 10),
(1646, 38, 12, 1, 0, 0, 1, 1, 1, 1, 3, 0, 0),
(1647, 39, 12, 2, 1, 0, 0, 0, 0, 1, 0, 2, -2),
(1648, 40, 12, 2, 0, 0, 1, 0, 0, 1, 1, 1, 1),
(1649, 41, 12, 2, 0, 1, 1, 0, 0, 1, 2, 1, 1),
(1650, 42, 12, 1, 0, 0, 0, 0, 0, 1, 0, 5, 3),
(1651, 43, 12, 0, 2, 1, 0, 0, 0, 1, 0, 4, 0),
(1652, 44, 12, 0, 1, 0, 1, 1, 0, 1, 2, 0, 2),
(1653, 37, 16, 0, 2, 0, 1, 0, 0, 1, 1, 1, 9),
(1654, 38, 16, 2, 0, 0, 1, 0, 0, 1, 1, 1, -1),
(1655, 39, 16, 2, 0, 1, 0, 0, 0, 1, 0, 3, -1),
(1656, 40, 16, 3, 0, 0, 1, 0, 0, 1, 1, 2, 0),
(1657, 41, 16, 2, 0, 1, 1, 0, 0, 1, 2, 1, 1),
(1658, 42, 16, 1, 2, 0, 1, 0, 0, 1, 1, 3, 1),
(1659, 43, 16, 5, 4, 0, 1, 0, 0, 1, 1, 1, -7),
(1660, 44, 16, 2, 0, 0, 0, 0, 0, 1, 0, 3, 1),
(1661, 37, 9, 0, 1, 0, 1, 1, 0, 1, 2, 0, 10),
(1662, 38, 9, 2, 1, 0, 1, 1, 0, 1, 2, 0, -2),
(1663, 39, 9, 1, 0, 0, 0, 0, 0, 1, 0, 2, 0),
(1664, 40, 9, 2, 0, 1, 1, 0, 0, 1, 2, 1, 1),
(1665, 41, 9, 2, 0, 1, 1, 0, 0, 1, 2, 1, 1),
(1666, 42, 9, 1, 3, 0, 1, 0, 0, 1, 1, 2, 0),
(1667, 43, 9, 1, 0, 0, 1, 0, 0, 1, 1, 1, 1),
(1668, 44, 9, 2, 1, 0, 0, 0, 0, 1, 0, 2, 0),
(1669, 37, 13, 2, 1, 0, 0, 0, 0, 1, 0, 2, 8),
(1670, 38, 13, 2, 0, 0, 1, 0, 0, 1, 1, 1, -1),
(1671, 39, 13, 1, 2, 0, 1, 1, 0, 1, 2, 0, -2),
(1672, 40, 13, 2, 0, 1, 1, 0, 0, 1, 2, 1, 1),
(1673, 41, 13, 3, 1, 0, 1, 0, 0, 1, 1, 1, -1),
(1674, 42, 13, 0, 2, 1, 1, 0, 0, 1, 2, 2, 2),
(1675, 43, 13, 2, 1, 0, 1, 0, 0, 1, 1, 1, -1),
(1676, 44, 13, 1, 0, 0, 0, 0, 0, 1, 0, 2, 2),
(1677, 37, 45, 0, 1, 0, 1, 1, 0, 1, 2, 0, 10),
(1678, 38, 45, 1, 0, 0, 1, 1, 1, 1, 3, 0, 0),
(1679, 39, 45, 1, 2, 0, 1, 1, 0, 1, 2, 0, -2),
(1680, 40, 45, 1, 0, 1, 1, 1, 0, 1, 4, 0, 2),
(1681, 41, 45, 1, 0, 1, 1, 0, 0, 1, 2, 2, 2),
(1682, 42, 45, 0, 2, 0, 1, 0, 0, 1, 1, 2, 2),
(1683, 43, 45, 0, 1, 0, 0, 0, 0, 1, 0, 3, 1),
(1684, 44, 45, 1, 0, 0, 0, 0, 0, 1, 0, 2, 2),
(1685, 37, 48, 1, 0, 0, 0, 0, 0, 1, 0, 2, 10),
(1686, 38, 48, 1, 2, 1, 0, 0, 0, 1, 0, 2, -2),
(1687, 39, 48, 3, 2, 0, 0, 0, 0, 1, 0, 2, -4),
(1688, 40, 48, 2, 0, 0, 1, 0, 0, 1, 1, 1, 1),
(1689, 41, 48, 2, 1, 1, 1, 0, 0, 1, 2, 2, 0),
(1690, 42, 48, 2, 1, 0, 0, 0, 0, 1, 0, 5, 1),
(1691, 43, 48, 1, 0, 0, 1, 0, 0, 1, 1, 1, 1),
(1692, 44, 48, 0, 1, 0, 1, 1, 0, 1, 2, 0, 2),
(1693, 37, 49, 1, 2, 0, 1, 1, 0, 1, 2, 0, 8),
(1694, 38, 49, 1, 3, 0, 0, 0, 0, 1, 0, 3, -3),
(1695, 39, 49, 1, 2, 1, 1, 1, 0, 1, 4, 0, -2),
(1696, 40, 49, 3, 1, 0, 1, 0, 0, 1, 1, 1, -1),
(1697, 41, 49, 2, 0, 0, 1, 0, 0, 1, 1, 1, 1),
(1698, 42, 49, 0, 1, 0, 1, 0, 0, 1, 1, 3, 3),
(1699, 43, 49, 1, 0, 0, 1, 0, 0, 1, 1, 1, 1),
(1700, 44, 49, 2, 1, 1, 0, 0, 0, 1, 0, 2, 0),
(1701, 37, 25, 0, 1, 1, 1, 1, 0, 1, 4, 0, 10),
(1702, 38, 25, 1, 0, 0, 1, 1, 1, 1, 3, 0, 0),
(1703, 39, 25, 1, 0, 0, 0, 0, 0, 1, 0, 2, 0),
(1704, 40, 25, 1, 0, 0, 1, 1, 0, 1, 2, 0, 2),
(1705, 41, 25, 3, 0, 1, 1, 1, 1, 1, 6, 0, 0),
(1706, 42, 25, 1, 0, 0, 0, 0, 0, 1, 0, 5, 3),
(1707, 43, 25, 1, 2, 0, 0, 0, 0, 1, 0, 3, -1),
(1708, 44, 25, 1, 0, 0, 0, 0, 0, 1, 0, 2, 2),
(1709, 37, 15, 0, 2, 1, 1, 0, 0, 1, 2, 1, 9),
(1710, 38, 15, 1, 2, 0, 0, 0, 0, 1, 0, 2, -2),
(1711, 39, 15, 1, 0, 0, 0, 0, 0, 1, 0, 2, 0),
(1712, 40, 15, 2, 1, 0, 1, 1, 1, 1, 3, 0, 0),
(1713, 41, 15, 2, 0, 1, 1, 0, 0, 1, 2, 1, 1),
(1714, 42, 15, 2, 0, 0, 0, 0, 0, 1, 0, 6, 2),
(1715, 43, 15, 1, 2, 0, 0, 0, 0, 1, 0, 3, -1),
(1716, 44, 15, 1, 0, 0, 0, 0, 0, 1, 0, 2, 2),
(1717, 37, 19, 2, 1, 0, 0, 0, 0, 1, 0, 2, 8),
(1718, 38, 19, 1, 0, 0, 1, 1, 1, 1, 3, 0, 0),
(1719, 39, 19, 2, 1, 0, 0, 0, 0, 1, 0, 2, -2),
(1720, 40, 19, 2, 0, 1, 1, 0, 0, 1, 2, 1, 1),
(1721, 41, 19, 3, 0, 1, 1, 1, 1, 1, 6, 0, 0),
(1722, 42, 19, 1, 2, 0, 1, 0, 0, 1, 1, 3, 1),
(1723, 43, 19, 5, 4, 0, 1, 0, 0, 1, 1, 1, -7),
(1724, 44, 19, 3, 0, 0, 0, 0, 0, 1, 0, 4, 0),
(1725, 37, 7, 1, 2, 0, 1, 1, 0, 1, 2, 0, 8),
(1726, 38, 7, 2, 0, 1, 1, 0, 0, 1, 2, 1, -1),
(1727, 39, 7, 2, 1, 0, 0, 0, 0, 1, 0, 2, -2),
(1728, 40, 7, 3, 0, 1, 1, 0, 0, 1, 2, 2, 0),
(1729, 41, 7, 2, 0, 0, 1, 0, 0, 1, 1, 1, 1),
(1730, 42, 7, 1, 4, 0, 1, 0, 0, 1, 1, 1, -1),
(1731, 43, 7, 8, 7, 0, 1, 0, 0, 1, 1, 1, -13),
(1732, 44, 7, 5, 4, 0, 0, 0, 0, 1, 0, 2, -6),
(1733, 37, 26, 2, 0, 0, 0, 0, 0, 1, 0, 3, 9),
(1734, 38, 26, 1, 0, 0, 1, 1, 1, 1, 3, 0, 0),
(1735, 39, 26, 0, 1, 1, 1, 1, 1, 1, 6, 0, 0),
(1736, 40, 26, 1, 0, 1, 1, 1, 0, 1, 4, 0, 2),
(1737, 41, 26, 2, 1, 0, 1, 0, 0, 1, 1, 2, 0),
(1738, 42, 26, 1, 2, 0, 1, 0, 0, 1, 1, 3, 1),
(1739, 43, 26, 1, 0, 0, 1, 0, 0, 1, 1, 1, 1),
(1740, 44, 26, 1, 0, 0, 0, 0, 0, 1, 0, 2, 2),
(1741, 37, 4, 1, 2, 0, 1, 1, 0, 1, 2, 0, 8),
(1742, 38, 4, 1, 2, 0, 0, 0, 0, 1, 0, 2, -2),
(1743, 39, 4, 2, 1, 0, 0, 0, 0, 1, 0, 2, -2),
(1744, 40, 4, 2, 0, 1, 1, 0, 0, 1, 2, 1, 1),
(1745, 41, 4, 2, 0, 1, 1, 0, 0, 1, 2, 1, 1),
(1746, 42, 4, 2, 1, 0, 0, 0, 0, 1, 0, 5, 1),
(1747, 43, 4, 1, 2, 0, 0, 0, 0, 1, 0, 3, -1),
(1748, 44, 4, 0, 1, 0, 1, 1, 0, 1, 2, 0, 2),
(1749, 37, 24, 2, 1, 0, 0, 0, 0, 1, 0, 2, 8),
(1750, 38, 24, 2, 1, 0, 1, 1, 0, 1, 2, 0, -2),
(1751, 39, 24, 2, 1, 0, 0, 0, 0, 1, 0, 2, -2),
(1752, 40, 24, 2, 1, 0, 1, 1, 1, 1, 3, 0, 0),
(1753, 41, 24, 3, 1, 1, 1, 0, 0, 1, 2, 1, -1),
(1754, 42, 24, 2, 2, 0, 0, 0, 0, 1, 0, 4, 0),
(1755, 43, 24, 2, 1, 0, 1, 0, 0, 1, 1, 1, -1),
(1756, 44, 24, 2, 1, 1, 0, 0, 0, 1, 0, 2, 0),
(1757, 37, 54, 0, 2, 0, 1, 0, 0, 1, 1, 1, 9),
(1758, 38, 54, 2, 1, 0, 1, 1, 0, 1, 2, 0, -2),
(1759, 39, 54, 0, 1, 1, 1, 1, 1, 1, 6, 0, 0),
(1760, 40, 54, 2, 1, 0, 1, 1, 1, 1, 3, 0, 0),
(1761, 41, 54, 2, 1, 1, 1, 0, 0, 1, 2, 2, 0),
(1762, 42, 54, 1, 1, 0, 0, 0, 0, 1, 0, 4, 2),
(1763, 43, 54, 1, 2, 0, 0, 0, 0, 1, 0, 3, -1),
(1764, 44, 54, 2, 0, 0, 0, 0, 0, 1, 0, 3, 1),
(1765, 37, 53, 0, 1, 0, 1, 1, 0, 1, 2, 0, 10),
(1766, 38, 53, 2, 1, 0, 1, 1, 0, 1, 2, 0, -2),
(1767, 39, 53, 2, 1, 1, 0, 0, 0, 1, 0, 2, -2),
(1768, 40, 53, 2, 1, 0, 1, 1, 1, 1, 3, 0, 0),
(1769, 41, 53, 2, 1, 0, 1, 0, 0, 1, 1, 2, 0),
(1770, 42, 53, 2, 1, 0, 0, 0, 0, 1, 0, 5, 1),
(1771, 43, 53, 2, 3, 1, 0, 0, 0, 1, 0, 3, -3),
(1772, 44, 53, 1, 2, 0, 1, 1, 1, 1, 3, 0, 0),
(1773, 37, 46, 1, 2, 0, 1, 1, 0, 1, 2, 0, 8),
(1774, 38, 46, 2, 0, 0, 1, 0, 0, 1, 1, 1, -1),
(1775, 39, 46, 1, 3, 0, 1, 0, 0, 1, 1, 1, -3),
(1776, 40, 46, 3, 1, 0, 1, 0, 0, 1, 1, 1, -1),
(1777, 41, 46, 2, 0, 1, 1, 0, 0, 1, 2, 1, 1),
(1778, 42, 46, 1, 2, 0, 1, 0, 0, 1, 1, 3, 1),
(1779, 43, 46, 1, 2, 1, 0, 0, 0, 1, 0, 3, -1),
(1780, 44, 46, 3, 2, 0, 0, 0, 0, 1, 0, 2, -2),
(1781, 37, 39, 1, 3, 0, 1, 0, 0, 1, 1, 1, 7),
(1782, 38, 39, 2, 0, 0, 1, 0, 0, 1, 1, 1, -1),
(1783, 39, 39, 2, 1, 0, 0, 0, 0, 1, 0, 2, -2),
(1784, 40, 39, 1, 1, 0, 0, 0, 0, 1, 0, 1, 1),
(1785, 41, 39, 4, 0, 1, 1, 0, 0, 1, 2, 1, -1),
(1786, 42, 39, 1, 3, 0, 1, 0, 0, 1, 1, 2, 0),
(1787, 43, 39, 1, 0, 1, 1, 0, 0, 1, 2, 1, 1),
(1788, 44, 39, 2, 0, 0, 0, 0, 0, 1, 0, 3, 1),
(1789, 37, 5, 9, 9, 0, 0, 0, 0, 0, 0, 0, 0),
(1790, 38, 5, 1, 0, 0, 1, 1, 1, 1, 3, 0, 0),
(1791, 39, 5, 1, 0, 0, 0, 0, 0, 1, 0, 2, 0),
(1792, 40, 5, 2, 0, 0, 1, 0, 0, 1, 1, 1, 1),
(1793, 41, 5, 1, 0, 1, 1, 0, 0, 1, 2, 2, 2),
(1794, 42, 5, 1, 3, 0, 1, 0, 0, 1, 1, 2, 0),
(1795, 43, 5, 1, 2, 0, 0, 0, 0, 1, 0, 3, -1),
(1796, 44, 5, 2, 0, 1, 0, 0, 0, 1, 0, 3, 1),
(1797, 37, 40, 9, 9, 0, 0, 0, 0, 0, 0, 0, 0),
(1798, 38, 40, 2, 0, 0, 1, 0, 0, 1, 1, 1, -1),
(1799, 39, 40, 2, 1, 0, 0, 0, 0, 1, 0, 2, -2),
(1800, 40, 40, 2, 0, 1, 1, 0, 0, 1, 2, 1, 1),
(1801, 41, 40, 3, 0, 1, 1, 1, 1, 1, 6, 0, 0),
(1802, 42, 40, 1, 2, 0, 1, 0, 0, 1, 1, 3, 1),
(1803, 43, 40, 0, 1, 0, 0, 0, 0, 1, 0, 3, 1),
(1804, 44, 40, 2, 1, 0, 0, 0, 0, 1, 0, 2, 0),
(1805, 45, 18, 2, 1, 0, 0, 0, 0, 1, 0, 3, 7),
(1806, 46, 18, 1, 3, 1, 0, 0, 0, 1, 0, 4, 0),
(1807, 47, 18, 2, 1, 0, 1, 1, 0, 1, 2, 0, 10),
(1808, 48, 18, 2, 1, 0, 1, 0, 0, 1, 1, 2, 4),
(1809, 45, 15, 2, 0, 0, 0, 0, 0, 1, 0, 4, 8),
(1810, 46, 15, 2, 1, 0, 1, 0, 0, 1, 1, 1, 1),
(1811, 47, 15, 2, 1, 1, 1, 1, 0, 1, 4, 0, 10),
(1812, 48, 15, 1, 2, 0, 0, 0, 0, 1, 0, 4, 4),
(1813, 45, 11, 2, 1, 0, 0, 0, 0, 1, 0, 3, 7),
(1814, 46, 11, 1, 2, 0, 0, 0, 0, 1, 0, 3, 1),
(1815, 47, 11, 2, 1, 1, 1, 1, 0, 1, 4, 0, 10),
(1816, 48, 11, 1, 0, 0, 1, 0, 0, 1, 1, 2, 6),
(1817, 45, 5, 5, 6, 0, 1, 0, 0, 1, 1, 1, -1),
(1818, 46, 5, 1, 3, 0, 0, 0, 0, 1, 0, 4, 0),
(1819, 47, 5, 5, 4, 0, 1, 1, 0, 1, 2, 0, 4),
(1820, 48, 5, 2, 0, 1, 1, 0, 0, 1, 2, 1, 5),
(1821, 45, 27, 0, 1, 0, 1, 0, 0, 1, 1, 1, 9),
(1822, 46, 27, 0, 1, 0, 0, 0, 0, 1, 0, 3, 3),
(1823, 47, 27, 1, 0, 1, 1, 1, 0, 1, 4, 0, 12),
(1824, 48, 27, 1, 0, 0, 1, 0, 0, 1, 1, 2, 6),
(1825, 45, 3, 0, 1, 1, 1, 0, 0, 1, 2, 1, 9),
(1826, 46, 3, 1, 2, 0, 0, 0, 0, 1, 0, 3, 1),
(1827, 47, 3, 1, 0, 0, 1, 1, 0, 1, 2, 0, 12),
(1828, 48, 3, 2, 0, 0, 1, 0, 0, 1, 1, 1, 5),
(1829, 45, 17, 1, 2, 0, 1, 0, 0, 1, 1, 1, 7),
(1830, 46, 17, 1, 2, 0, 0, 0, 0, 1, 0, 3, 1),
(1831, 47, 17, 2, 1, 0, 1, 1, 0, 1, 2, 0, 10),
(1832, 48, 17, 2, 0, 1, 1, 0, 0, 1, 2, 1, 5),
(1833, 45, 41, 1, 2, 0, 1, 0, 0, 1, 1, 1, 7),
(1834, 46, 41, 1, 3, 1, 0, 0, 0, 1, 0, 4, 0),
(1835, 47, 41, 2, 0, 0, 1, 0, 0, 1, 1, 1, 11),
(1836, 48, 41, 2, 0, 0, 1, 0, 0, 1, 1, 1, 5),
(1837, 45, 20, 1, 2, 0, 1, 0, 0, 1, 1, 1, 7),
(1838, 46, 20, 0, 2, 1, 0, 0, 0, 1, 0, 4, 2),
(1839, 47, 20, 1, 0, 0, 1, 1, 0, 1, 2, 0, 12),
(1840, 48, 20, 1, 0, 0, 1, 0, 0, 1, 1, 2, 6),
(1841, 45, 19, 2, 1, 0, 0, 0, 0, 1, 0, 3, 7),
(1842, 46, 19, 1, 2, 0, 0, 0, 0, 1, 0, 3, 1),
(1843, 47, 19, 2, 0, 0, 1, 0, 0, 1, 1, 1, 11),
(1844, 48, 19, 3, 0, 1, 1, 1, 0, 1, 4, 0, 4),
(1845, 45, 38, 1, 0, 0, 0, 0, 0, 1, 0, 3, 9),
(1846, 46, 38, 1, 2, 0, 0, 0, 0, 1, 0, 3, 1),
(1847, 47, 38, 2, 1, 1, 1, 1, 0, 1, 4, 0, 10),
(1848, 48, 38, 2, 3, 0, 0, 0, 0, 1, 0, 4, 2),
(1849, 45, 13, 0, 1, 0, 1, 0, 0, 1, 1, 1, 9),
(1850, 46, 13, 0, 2, 1, 0, 0, 0, 1, 0, 4, 2),
(1851, 47, 13, 3, 0, 0, 1, 0, 0, 1, 1, 2, 10),
(1852, 48, 13, 2, 0, 0, 1, 0, 0, 1, 1, 1, 5),
(1853, 45, 49, 1, 3, 1, 1, 1, 0, 1, 4, 0, 6),
(1854, 46, 49, 4, 5, 0, 0, 0, 0, 1, 0, 3, -5),
(1855, 47, 49, 2, 1, 0, 1, 1, 0, 1, 2, 0, 10),
(1856, 48, 49, 0, 2, 0, 0, 0, 0, 1, 0, 5, 5),
(1857, 45, 52, 5, 4, 0, 0, 0, 0, 1, 0, 3, 1),
(1858, 46, 52, 1, 2, 1, 0, 0, 0, 1, 0, 3, 1),
(1859, 47, 52, 4, 3, 0, 1, 1, 0, 1, 2, 0, 6),
(1860, 48, 52, 2, 1, 0, 1, 0, 0, 1, 1, 2, 4),
(1861, 45, 8, 1, 2, 0, 1, 0, 0, 1, 1, 1, 7),
(1862, 46, 8, 2, 1, 0, 1, 0, 0, 1, 1, 1, 1),
(1863, 47, 8, 2, 0, 1, 1, 0, 0, 1, 2, 1, 11),
(1864, 48, 8, 5, 4, 0, 1, 0, 0, 1, 1, 2, -2),
(1865, 45, 55, 2, 1, 0, 0, 0, 0, 1, 0, 3, 7),
(1866, 46, 55, 1, 2, 0, 0, 0, 0, 1, 0, 3, 1),
(1867, 47, 55, 2, 1, 0, 1, 1, 0, 1, 2, 0, 10),
(1868, 48, 55, 2, 0, 1, 1, 0, 0, 1, 2, 1, 5),
(1869, 45, 22, 0, 2, 0, 1, 1, 0, 1, 2, 0, 8),
(1870, 46, 22, 1, 2, 1, 0, 0, 0, 1, 0, 3, 1),
(1871, 47, 22, 1, 0, 0, 1, 1, 0, 1, 2, 0, 12),
(1872, 48, 22, 1, 2, 0, 0, 0, 0, 1, 0, 4, 4),
(1873, 45, 28, 0, 1, 0, 1, 0, 0, 1, 1, 1, 9),
(1874, 46, 28, 0, 1, 0, 0, 0, 0, 1, 0, 3, 3),
(1875, 47, 28, 1, 0, 1, 1, 1, 0, 1, 4, 0, 12),
(1876, 48, 28, 1, 0, 0, 1, 0, 0, 1, 1, 2, 6),
(1877, 45, 16, 2, 0, 0, 0, 0, 0, 1, 0, 4, 8),
(1878, 46, 16, 0, 2, 0, 0, 0, 0, 1, 0, 4, 2),
(1879, 47, 16, 1, 0, 1, 1, 1, 0, 1, 4, 0, 12),
(1880, 48, 16, 2, 1, 0, 1, 0, 0, 1, 1, 2, 4),
(1881, 45, 1, 0, 1, 0, 1, 0, 0, 1, 1, 1, 9),
(1882, 46, 1, 0, 2, 1, 0, 0, 0, 1, 0, 4, 2),
(1883, 47, 1, 2, 1, 0, 1, 1, 0, 1, 2, 0, 10),
(1884, 48, 1, 0, 1, 0, 0, 0, 0, 1, 0, 4, 6),
(1885, 45, 23, 0, 1, 0, 1, 0, 0, 1, 1, 1, 9),
(1886, 46, 23, 1, 2, 1, 0, 0, 0, 1, 0, 3, 1),
(1887, 47, 23, 1, 0, 0, 1, 1, 0, 1, 2, 0, 12),
(1888, 48, 23, 2, 1, 0, 1, 0, 0, 1, 1, 2, 4),
(1889, 45, 21, 1, 3, 0, 1, 1, 0, 1, 2, 0, 6),
(1890, 46, 21, 0, 1, 0, 0, 0, 0, 1, 0, 3, 3),
(1891, 47, 21, 4, 2, 0, 1, 0, 0, 1, 1, 1, 7),
(1892, 48, 21, 0, 1, 1, 0, 0, 0, 1, 0, 4, 6),
(1893, 45, 50, 1, 0, 0, 0, 0, 0, 1, 0, 3, 9),
(1894, 46, 50, 1, 2, 0, 0, 0, 0, 1, 0, 3, 1),
(1895, 47, 50, 1, 0, 0, 1, 1, 0, 1, 2, 0, 12),
(1896, 48, 50, 2, 0, 1, 1, 0, 0, 1, 2, 1, 5),
(1897, 45, 51, 1, 2, 0, 1, 0, 0, 1, 1, 1, 7),
(1898, 46, 51, 1, 2, 0, 0, 0, 0, 1, 0, 3, 1),
(1899, 47, 51, 3, 1, 1, 1, 0, 0, 1, 2, 1, 9),
(1900, 48, 51, 2, 0, 0, 1, 0, 0, 1, 1, 1, 5),
(1901, 45, 53, 1, 0, 0, 0, 0, 0, 1, 0, 3, 9),
(1902, 46, 53, 2, 1, 0, 1, 0, 0, 1, 1, 1, 1),
(1903, 47, 53, 3, 2, 0, 1, 1, 0, 1, 2, 0, 8),
(1904, 48, 53, 1, 2, 1, 0, 0, 0, 1, 0, 4, 4),
(1905, 45, 45, 1, 0, 0, 0, 0, 0, 1, 0, 3, 9),
(1906, 46, 45, 0, 1, 1, 0, 0, 0, 1, 0, 3, 3),
(1907, 47, 45, 1, 0, 0, 1, 1, 0, 1, 2, 0, 12),
(1908, 48, 45, 1, 0, 0, 1, 0, 0, 1, 1, 2, 6),
(1909, 45, 44, 0, 1, 0, 1, 0, 0, 1, 1, 1, 9),
(1910, 46, 44, 0, 1, 1, 0, 0, 0, 1, 0, 3, 3),
(1911, 47, 44, 1, 0, 0, 1, 1, 0, 1, 2, 0, 12),
(1912, 48, 44, 0, 1, 0, 0, 0, 0, 1, 0, 4, 6),
(1913, 45, 40, 0, 1, 0, 1, 0, 0, 1, 1, 1, 9),
(1914, 46, 40, 0, 2, 0, 0, 0, 0, 1, 0, 4, 2),
(1915, 47, 40, 2, 0, 1, 1, 0, 0, 1, 2, 1, 11),
(1916, 48, 40, 2, 1, 0, 1, 0, 0, 1, 1, 2, 4),
(1917, 45, 7, 2, 0, 0, 0, 0, 0, 1, 0, 4, 8),
(1918, 46, 7, 1, 3, 0, 0, 0, 0, 1, 0, 4, 0),
(1919, 47, 7, 3, 0, 1, 1, 0, 0, 1, 2, 2, 10),
(1920, 48, 7, 2, 1, 0, 1, 0, 0, 1, 1, 2, 4),
(1921, 45, 48, 1, 0, 0, 0, 0, 0, 1, 0, 3, 9),
(1922, 46, 48, 0, 3, 1, 0, 0, 0, 1, 0, 5, 1),
(1923, 47, 48, 2, 1, 0, 1, 1, 0, 1, 2, 0, 10),
(1924, 48, 48, 1, 2, 0, 0, 0, 0, 1, 0, 4, 4),
(1925, 45, 43, 2, 1, 0, 0, 0, 0, 1, 0, 3, 7),
(1926, 46, 43, 1, 2, 1, 0, 0, 0, 1, 0, 3, 1),
(1927, 47, 43, 2, 1, 0, 1, 1, 0, 1, 2, 0, 10),
(1928, 48, 43, 3, 4, 0, 0, 0, 0, 1, 0, 4, 0),
(1929, 45, 47, 1, 0, 1, 0, 0, 0, 1, 0, 3, 9),
(1930, 46, 47, 1, 0, 0, 1, 0, 0, 1, 1, 1, 3),
(1931, 47, 47, 2, 1, 0, 1, 1, 0, 1, 2, 0, 10),
(1932, 48, 47, 0, 1, 0, 0, 0, 0, 1, 0, 4, 6),
(1933, 45, 9, 2, 1, 0, 0, 0, 0, 1, 0, 3, 7),
(1934, 46, 9, 1, 2, 1, 0, 0, 0, 1, 0, 3, 1),
(1935, 47, 9, 0, 1, 0, 0, 0, 0, 1, 0, 2, 12),
(1936, 48, 9, 1, 0, 0, 1, 0, 0, 1, 1, 2, 6),
(1937, 45, 12, 1, 0, 0, 0, 0, 0, 1, 0, 3, 9),
(1938, 46, 12, 0, 2, 1, 0, 0, 0, 1, 0, 4, 2),
(1939, 47, 12, 2, 1, 0, 1, 1, 0, 1, 2, 0, 10),
(1940, 48, 12, 1, 0, 0, 1, 0, 0, 1, 1, 2, 6),
(1941, 45, 24, 2, 1, 0, 0, 0, 0, 1, 0, 3, 7),
(1942, 46, 24, 1, 2, 0, 0, 0, 0, 1, 0, 3, 1),
(1943, 47, 24, 2, 1, 0, 1, 1, 0, 1, 2, 0, 10),
(1944, 48, 24, 1, 2, 1, 0, 0, 0, 1, 0, 4, 4),
(1945, 45, 54, 1, 2, 0, 1, 0, 0, 1, 1, 1, 7),
(1946, 46, 54, 2, 1, 1, 1, 0, 0, 1, 2, 1, 1),
(1947, 47, 54, 2, 1, 0, 1, 1, 0, 1, 2, 0, 10),
(1948, 48, 54, 0, 2, 0, 0, 0, 0, 1, 0, 5, 5),
(1949, 45, 46, 5, 6, 0, 1, 0, 0, 1, 1, 1, -1),
(1950, 46, 46, 2, 1, 0, 1, 0, 0, 1, 1, 1, 1),
(1951, 47, 46, 2, 1, 1, 1, 1, 0, 1, 4, 0, 10),
(1952, 48, 46, 1, 2, 0, 0, 0, 0, 1, 0, 4, 4),
(1953, 45, 25, 2, 0, 0, 0, 0, 0, 1, 0, 4, 8),
(1954, 46, 25, 1, 2, 0, 0, 0, 0, 1, 0, 3, 1),
(1955, 47, 25, 2, 0, 1, 1, 0, 0, 1, 2, 1, 11),
(1956, 48, 25, 0, 1, 0, 0, 0, 0, 1, 0, 4, 6),
(1957, 45, 26, 0, 2, 1, 1, 1, 0, 1, 4, 0, 8),
(1958, 46, 26, 0, 2, 0, 0, 0, 0, 1, 0, 4, 2),
(1959, 47, 26, 2, 1, 0, 1, 1, 0, 1, 2, 0, 10),
(1960, 48, 26, 2, 0, 0, 1, 0, 0, 1, 1, 1, 5),
(1961, 45, 4, 2, 1, 1, 0, 0, 0, 1, 0, 3, 7),
(1962, 46, 4, 0, 1, 0, 0, 0, 0, 1, 0, 3, 3),
(1963, 47, 4, 2, 0, 0, 1, 0, 0, 1, 1, 1, 11),
(1964, 48, 4, 1, 2, 0, 0, 0, 0, 1, 0, 4, 4),
(1965, 45, 39, 9, 9, 0, 0, 0, 0, 0, 0, 0, 0),
(1966, 46, 39, 9, 9, 0, 0, 0, 0, 0, 0, 0, 0),
(1967, 47, 39, 9, 9, 0, 0, 0, 0, 0, 0, 0, 0),
(1968, 48, 39, 0, 1, 1, 0, 0, 0, 1, 0, 4, 6),
(1969, 49, 1, 2, 0, 1, 1, 1, 1, 1, 6, 0, 0),
(1970, 50, 1, 2, 0, 0, 0, 0, 0, 1, 0, 4, 0),
(1971, 49, 44, 1, 0, 0, 1, 0, 0, 1, 1, 1, 1),
(1972, 50, 44, 1, 0, 1, 0, 0, 0, 1, 0, 3, 1),
(1973, 49, 23, 0, 1, 1, 0, 0, 0, 1, 0, 3, 1),
(1974, 50, 23, 1, 0, 0, 0, 0, 0, 1, 0, 3, 1),
(1975, 49, 3, 1, 0, 0, 1, 0, 0, 1, 1, 1, 1),
(1976, 50, 3, 1, 0, 1, 0, 0, 0, 1, 0, 3, 1),
(1977, 49, 18, 1, 2, 1, 0, 0, 0, 1, 0, 3, -1),
(1978, 50, 18, 1, 2, 0, 1, 0, 0, 1, 1, 1, -1),
(1979, 49, 17, 4, 5, 0, 0, 0, 0, 1, 0, 3, -7),
(1980, 50, 17, 2, 1, 1, 0, 0, 0, 1, 0, 3, -1),
(1981, 49, 27, 1, 0, 0, 1, 0, 0, 1, 1, 1, 1),
(1982, 50, 27, 1, 0, 1, 0, 0, 0, 1, 0, 3, 1),
(1983, 49, 22, 2, 1, 0, 1, 0, 0, 1, 1, 1, -1),
(1984, 50, 22, 2, 1, 1, 0, 0, 0, 1, 0, 3, -1),
(1985, 49, 48, 1, 2, 0, 0, 0, 0, 1, 0, 3, -1),
(1986, 50, 48, 3, 1, 1, 0, 0, 0, 1, 0, 4, -2),
(1987, 49, 41, 2, 1, 0, 1, 0, 0, 1, 1, 1, -1),
(1988, 50, 41, 2, 1, 1, 0, 0, 0, 1, 0, 3, -1),
(1989, 49, 51, 2, 1, 0, 1, 0, 0, 1, 1, 1, -1),
(1990, 50, 51, 2, 1, 1, 0, 0, 0, 1, 0, 3, -1),
(1991, 49, 28, 1, 0, 0, 1, 0, 0, 1, 1, 1, 1),
(1992, 50, 28, 1, 0, 1, 0, 0, 0, 1, 0, 3, 1),
(1993, 49, 5, 3, 2, 1, 1, 0, 0, 1, 2, 1, -3),
(1994, 50, 5, 1, 2, 0, 1, 0, 0, 1, 1, 1, -1),
(1995, 49, 11, 2, 1, 1, 1, 0, 0, 1, 2, 1, -1),
(1996, 50, 11, 2, 1, 0, 0, 0, 0, 1, 0, 3, -1),
(1997, 49, 21, 1, 3, 0, 0, 0, 0, 1, 0, 4, -2),
(1998, 50, 21, 3, 2, 1, 0, 0, 0, 1, 0, 3, -3),
(1999, 49, 47, 1, 2, 0, 0, 0, 0, 1, 0, 3, -1),
(2000, 50, 47, 2, 1, 1, 0, 0, 0, 1, 0, 3, -1),
(2001, 49, 45, 2, 1, 0, 1, 0, 0, 1, 1, 1, -1),
(2002, 50, 45, 2, 1, 1, 0, 0, 0, 1, 0, 3, -1),
(2003, 49, 13, 2, 1, 1, 1, 0, 0, 1, 2, 1, -1),
(2004, 50, 13, 3, 2, 0, 0, 0, 0, 1, 0, 3, -3),
(2005, 49, 20, 2, 1, 1, 1, 0, 0, 1, 2, 1, -1),
(2006, 50, 20, 1, 0, 0, 0, 0, 0, 1, 0, 3, 1),
(2007, 49, 7, 2, 0, 0, 1, 1, 1, 1, 3, 0, 0),
(2008, 50, 7, 1, 3, 1, 1, 1, 0, 1, 4, 0, -2),
(2009, 49, 8, 1, 2, 1, 0, 0, 0, 1, 0, 3, -1),
(2010, 50, 8, 0, 2, 0, 1, 1, 1, 1, 3, 0, 0),
(2011, 49, 50, 2, 1, 0, 1, 0, 0, 1, 1, 1, -1),
(2012, 50, 50, 2, 1, 1, 0, 0, 0, 1, 0, 3, -1),
(2013, 49, 24, 2, 1, 0, 1, 0, 0, 1, 1, 1, -1),
(2014, 50, 24, 2, 1, 1, 0, 0, 0, 1, 0, 3, -1),
(2015, 49, 16, 0, 1, 0, 0, 0, 0, 1, 0, 3, 1),
(2016, 50, 16, 2, 0, 1, 0, 0, 0, 1, 0, 4, 0),
(2017, 49, 40, 1, 0, 0, 1, 0, 0, 1, 1, 1, 1),
(2018, 50, 40, 2, 0, 1, 0, 0, 0, 1, 0, 4, 0),
(2019, 49, 19, 2, 1, 0, 1, 0, 0, 1, 1, 1, -1),
(2020, 50, 19, 2, 0, 1, 0, 0, 0, 1, 0, 4, 0),
(2021, 49, 4, 1, 2, 0, 0, 0, 0, 1, 0, 3, -1),
(2022, 50, 4, 3, 1, 1, 0, 0, 0, 1, 0, 4, -2),
(2023, 49, 9, 1, 0, 0, 1, 0, 0, 1, 1, 1, 1),
(2024, 50, 9, 1, 0, 1, 0, 0, 0, 1, 0, 3, 1),
(2025, 49, 49, 2, 1, 1, 1, 0, 0, 1, 2, 1, -1),
(2026, 50, 49, 1, 2, 0, 1, 0, 0, 1, 1, 1, -1),
(2027, 49, 12, 0, 1, 1, 0, 0, 0, 1, 0, 3, 1),
(2028, 50, 12, 0, 2, 0, 1, 1, 1, 1, 3, 0, 0),
(2029, 49, 26, 2, 1, 0, 1, 0, 0, 1, 1, 1, -1),
(2030, 50, 26, 3, 2, 1, 0, 0, 0, 1, 0, 3, -3),
(2031, 49, 54, 1, 2, 0, 0, 0, 0, 1, 0, 3, -1),
(2032, 50, 54, 3, 1, 1, 0, 0, 0, 1, 0, 4, -2),
(2033, 49, 43, 2, 1, 0, 1, 0, 0, 1, 1, 1, -1),
(2034, 50, 43, 3, 1, 1, 0, 0, 0, 1, 0, 4, -2),
(2035, 49, 55, 9, 9, 0, 0, 0, 0, 0, 0, 0, 0),
(2036, 50, 55, 2, 1, 1, 0, 0, 0, 1, 0, 3, -1),
(2037, 49, 15, 9, 9, 0, 0, 0, 0, 0, 0, 0, 0),
(2038, 50, 15, 5, 4, 1, 0, 0, 0, 1, 0, 3, -7),
(2039, 49, 52, 9, 9, 0, 0, 0, 0, 0, 0, 0, 0),
(2040, 50, 52, 1, 0, 1, 0, 0, 0, 1, 0, 3, 1),
(2041, 49, 25, 9, 9, 0, 0, 0, 0, 0, 0, 0, 0),
(2042, 50, 25, 3, 1, 1, 0, 0, 0, 1, 0, 4, -2),
(2043, 51, 1, 0, 2, 1, 0, 0, 0, 1, 0, 3, -1),
(2044, 51, 47, 1, 3, 1, 0, 0, 0, 1, 0, 3, -3),
(2045, 51, 27, 0, 1, 1, 0, 0, 0, 1, 0, 2, 0),
(2046, 51, 16, 0, 2, 1, 0, 0, 0, 1, 0, 3, -1),
(2047, 51, 9, 1, 3, 1, 0, 0, 0, 1, 0, 3, -3),
(2048, 51, 28, 1, 0, 1, 1, 1, 1, 1, 6, 0, 0),
(2049, 51, 23, 1, 2, 1, 0, 0, 0, 1, 0, 2, -2),
(2050, 51, 45, 0, 2, 1, 0, 0, 0, 1, 0, 3, -1),
(2051, 51, 44, 0, 2, 1, 0, 0, 0, 1, 0, 3, -1),
(2052, 51, 49, 1, 2, 1, 0, 0, 0, 1, 0, 2, -2),
(2053, 51, 21, 0, 2, 1, 0, 0, 0, 1, 0, 3, -1),
(2054, 51, 7, 2, 1, 1, 1, 1, 0, 1, 4, 0, -2),
(2055, 51, 41, 3, 2, 1, 1, 1, 0, 1, 4, 0, -4),
(2056, 51, 55, 1, 3, 1, 0, 0, 0, 1, 0, 3, -3),
(2057, 51, 52, 1, 2, 1, 0, 0, 0, 1, 0, 2, -2),
(2058, 51, 13, 2, 1, 1, 1, 1, 0, 1, 4, 0, -2),
(2059, 51, 50, 1, 2, 1, 0, 0, 0, 1, 0, 2, -2),
(2060, 51, 19, 0, 2, 1, 0, 0, 0, 1, 0, 3, -1),
(2061, 51, 8, 1, 2, 1, 0, 0, 0, 1, 0, 2, -2),
(2062, 51, 3, 1, 0, 1, 1, 1, 1, 1, 6, 0, 0),
(2063, 51, 4, 2, 1, 1, 1, 1, 0, 1, 4, 0, -2),
(2064, 51, 24, 1, 2, 1, 0, 0, 0, 1, 0, 2, -2),
(2065, 51, 20, 1, 2, 1, 0, 0, 0, 1, 0, 2, -2),
(2066, 51, 11, 1, 3, 1, 0, 0, 0, 1, 0, 3, -3),
(2067, 51, 15, 2, 3, 1, 0, 0, 0, 1, 0, 2, -4),
(2068, 51, 17, 1, 3, 1, 0, 0, 0, 1, 0, 3, -3),
(2069, 51, 22, 5, 4, 1, 1, 1, 0, 1, 4, 0, -8),
(2070, 51, 51, 3, 5, 1, 0, 0, 0, 1, 0, 3, -7),
(2071, 51, 54, 1, 3, 1, 0, 0, 0, 1, 0, 3, -3),
(2072, 51, 43, 1, 2, 1, 0, 0, 0, 1, 0, 2, -2),
(2073, 51, 26, 0, 2, 1, 0, 0, 0, 1, 0, 3, -1);

-- --------------------------------------------------------

--
-- Table structure for table `en_tipper`
--

DROP TABLE IF EXISTS `en_tipper`;
CREATE TABLE IF NOT EXISTS `en_tipper` (
  `id_tipper` int(11) NOT NULL AUTO_INCREMENT,
  `at_tipper_name` char(30) NOT NULL,
  `at_tipper_vorname` char(20) NOT NULL,
  `at_tipper_login` char(20) NOT NULL,
  `at_tipper_password` char(20) NOT NULL,
  `at_tipper_punkte` int(11) NOT NULL,
  `at_tipper_konto` decimal(5,2) NOT NULL,
  `at_tipper_pflichtsiege` int(11) NOT NULL,
  `at_tipper_pflichtzweite` int(11) NOT NULL,
  `at_tipper_pflichtdritte` int(11) NOT NULL,
  `at_tipper_freiesiege` int(11) NOT NULL,
  `at_tipper_freiezweite` int(11) NOT NULL,
  `at_tipper_freiedritte` int(11) NOT NULL,
  `at_tipper_punktef` int(11) NOT NULL,
  `at_tipper_kontof` decimal(5,2) NOT NULL,
  `at_tipper_punktem` int(11) NOT NULL,
  `at_tipper_punktek` int(11) NOT NULL,
  `at_tipper_team` char(2) NOT NULL,
  `at_tipper_fraktion` char(2) NOT NULL,
  `at_tipper_mail` char(30) NOT NULL,
  `at_tipper_tel` char(20) NOT NULL,
  `at_tipper_mobil` char(20) NOT NULL,
  `at_tipper_iban` char(22) NOT NULL,
  `at_tipper_form` char(70) NOT NULL,
  PRIMARY KEY (`id_tipper`)
) ENGINE=MyISAM  DEFAULT CHARSET=utf8 AUTO_INCREMENT=57 ;

--
-- Dumping data for table `en_tipper`
--

INSERT INTO `en_tipper` (`id_tipper`, `at_tipper_name`, `at_tipper_vorname`, `at_tipper_login`, `at_tipper_password`, `at_tipper_punkte`, `at_tipper_konto`, `at_tipper_pflichtsiege`, `at_tipper_pflichtzweite`, `at_tipper_pflichtdritte`, `at_tipper_freiesiege`, `at_tipper_freiezweite`, `at_tipper_freiedritte`, `at_tipper_punktef`, `at_tipper_kontof`, `at_tipper_punktem`, `at_tipper_punktek`, `at_tipper_team`, `at_tipper_fraktion`, `at_tipper_mail`, `at_tipper_tel`, `at_tipper_mobil`, `at_tipper_iban`, `at_tipper_form`) VALUES
(1, 'Meister', 'Stefan', 'meisst', 'Abisk00', 66, 0.00, 1, 0, 0, 2, 0, 0, 0, 0.00, 0, 0, 'ns', '', 'stefan-meister@gmx.de', '+4941676807', '+491899611270', 'DE54200505501484488224', '0000000000000000000000000000000000000000000000000000000000000000000000'),
(3, 'Bläsing', 'Arno', 'blaear', 'arno', 56, 0.00, 1, 0, 0, 1, 0, 0, 0, 0.00, 0, 0, 'sh', '', '', '', '', '', '0000000000000000000000000000000000000000000000000000000000000000000000'),
(4, 'Diekmann', 'Jörg', 'diecjo', 'wepas', 49, 0.00, 0, 0, 0, 0, 0, 0, 0, 0.00, 0, 0, 'sh', '', '', '', '', '', '0000000000000000000000000000000000000000000000000000000000000000000000'),
(5, 'Heesch', 'Frank', 'heesfr', 'pauli', 52, 0.00, 0, 0, 0, 0, 0, 0, 0, 0.00, 0, 0, 'ns', '', '', '', '', '', '0000000000000000000000000000000000000000000000000000000000000000000000'),
(7, 'Jacobs', 'Stefan', 'jacost', 'lara1505', 63, 0.00, 1, 0, 0, 1, 0, 0, 0, 0.00, 0, 0, 'hh', '', '', '', '', '', '0000000000000000000000000000000000000000000000000000000000000000000000'),
(8, 'Kasten', 'Marita', 'kastma', 'knuffi', 59, 0.00, 0, 0, 0, 0, 0, 0, 0, 0.00, 0, 0, 'hh', '', '', '', '', '', '0000000000000000000000000000000000000000000000000000000000000000000000'),
(9, 'Kunze', 'Andreas', 'kunzan', 'felix', 46, 0.00, 0, 0, 0, 0, 0, 0, 0, 0.00, 0, 0, 'hh', '', '', '', '', '', '0000000000000000000000000000000000000000000000000000000000000000000000'),
(11, 'Lodders', 'Dieter', 'lodddi', 'DiDi', 43, 0.00, 0, 0, 0, 0, 0, 0, 0, 0.00, 0, 0, 'sh', '', '', '', '', '', '0000000000000000000000000000000000000000000000000000000000000000000000'),
(12, 'Marschke', 'Thomas', 'marsth', '15151', 57, 0.00, 0, 0, 0, 0, 0, 0, 0, 0.00, 0, 0, 'hh', '', '', '', '', '', '0000000000000000000000000000000000000000000000000000000000000000000000'),
(13, 'Neumann', 'Marco', 'neumma', 'pauli', 58, 0.00, 0, 0, 0, 0, 0, 0, 0, 0.00, 0, 0, 'ns', '', '', '', '', '', '0000000000000000000000000000000000000000000000000000000000000000000000'),
(15, 'Schilling', 'Michael', 'schimi', 'alexbia', 52, 0.00, 0, 0, 0, 0, 0, 0, 0, 0.00, 0, 0, 'ns', '', '', '', '', '', '0000000000000000000000000000000000000000000000000000000000000000000000'),
(16, 'Schmidt-Gal.', 'Heiner', 'schmhe', 'vitareform', 42, 0.00, 0, 0, 0, 0, 0, 0, 0, 0.00, 0, 0, 'sh', '', '', '', '', '', '0000000000000000000000000000000000000000000000000000000000000000000000'),
(17, 'Schönfeld', 'Ralf', 'schora', 'rsa2010rs', 50, 0.00, 0, 0, 0, 0, 0, 0, 0, 0.00, 0, 0, 'sh', '', '', '', '', '', '0000000000000000000000000000000000000000000000000000000000000000000000'),
(18, 'Schröder', 'Yannik', 'schrya', 'luebeck', 49, 0.00, 0, 0, 0, 0, 0, 0, 0, 0.00, 0, 0, 'sh', '', '', '', '', '', '0000000000000000000000000000000000000000000000000000000000000000000000'),
(19, 'Schwarz', 'Michael', 'schwmi', 'michiblack', 68, 0.00, 0, 0, 0, 0, 0, 0, 0, 0.00, 0, 0, 'hh', '', '', '', '', '', '0000000000000000000000000000000000000000000000000000000000000000000000'),
(20, 'Schwarz', 'Thies Gerrit', 'schwth', 'scholl', 69, 0.00, 1, 0, 0, 1, 0, 0, 0, 0.00, 0, 0, 'hh', '', '', '', '', '', '0000000000000000000000000000000000000000000000000000000000000000000000'),
(21, 'Stark', 'Manfred', 'starma', 'sap-2011', 40, 0.00, 0, 0, 0, 0, 0, 0, 0, 0.00, 0, 0, 'hh', '', '', '', '', '', '0000000000000000000000000000000000000000000000000000000000000000000000'),
(22, 'Stobbe', 'Joachim', 'stobjo', 'hsv', 59, 0.00, 1, 0, 0, 1, 0, 0, 0, 0.00, 0, 0, 'hh', '', '', '', '', '', '0000000000000000000000000000000000000000000000000000000000000000000000'),
(23, 'Stobbe', 'Michel', 'stobmi', 'amica', 65, 0.00, 0, 0, 0, 1, 0, 0, 0, 0.00, 0, 0, 'hh', '', '', '', '', '', '0000000000000000000000000000000000000000000000000000000000000000000000'),
(24, 'Teerling', 'Monika', 'teermo', 'alea', 50, 0.00, 0, 0, 0, 0, 0, 0, 0, 0.00, 0, 0, 'sh', '', '', '', '', '', '0000000000000000000000000000000000000000000000000000000000000000000000'),
(25, 'von der Weppen', 'Florian', 'wepefl', 'start123', 67, 0.00, 0, 0, 0, 0, 0, 0, 0, 0.00, 0, 0, 'hh', '', '', '', '', '', '0000000000000000000000000000000000000000000000000000000000000000000000'),
(26, 'Wittke', 'Dennis', 'wittde', 'ncc1701e', 55, 0.00, 2, 0, 0, 2, 0, 0, 0, 0.00, 0, 0, 'hh', '', '', '', '', '', '0000000000000000000000000000000000000000000000000000000000000000000000'),
(27, 'Witt', 'Andre', 'wittan', 'EffCom', 62, 0.00, 0, 0, 0, 1, 0, 0, 0, 0.00, 0, 0, 'ns', '', '', '', '', '', '0000000000000000000000000000000000000000000000000000000000000000000000'),
(28, 'Woiwode', 'Thomas', 'woiwth', 'BL2013', 70, 0.00, 2, 0, 0, 3, 0, 0, 0, 0.00, 0, 0, 'hh', '', '', '', '', '', '0000000000000000000000000000000000000000000000000000000000000000000000'),
(38, 'Stolley', 'Brigitte', 'stolbr', 'Bundesliga', 47, 0.00, 0, 0, 0, 0, 0, 0, 0, 0.00, 0, 0, 'hh', '', '', '', '', '', '0000000000000000000000000000000000000000000000000000000000000000000000'),
(39, 'Köhler', 'Chris', 'koehcr', 'chris', 47, 0.00, 0, 0, 0, 1, 0, 0, 0, 0.00, 0, 0, '', '', '', '', '', '', '0000000000000000000000000000000000000000000000000000000000000000000000'),
(40, 'Andersen', 'Georg', 'andege', 'georg', 52, 0.00, 0, 0, 0, 0, 0, 0, 0, 0.00, 0, 0, '', '', '', '', '', '', '0000000000000000000000000000000000000000000000000000000000000000000000'),
(41, 'Bartels', 'Ulrich', 'bartul', 'uli', 61, 0.00, 1, 0, 0, 1, 0, 0, 0, 0.00, 0, 0, 'hh', '', '', '', '', '', '0000000000000000000000000000000000000000000000000000000000000000000000'),
(43, 'Kintea', 'Alexander', 'kintal', 'sandra', 49, 0.00, 0, 0, 0, 0, 0, 0, 0, 0.00, 0, 0, '', '', '', '', '', '', '0000000000000000000000000000000000000000000000000000000000000000000000'),
(44, 'Hammermeister', 'Ina', 'hammin', 'creixell0815', 67, 0.00, 0, 0, 0, 1, 0, 0, 0, 0.00, 0, 0, 'hh', '', '', '', '', '', '0000000000000000000000000000000000000000000000000000000000000000000000'),
(45, 'Hammermeister', 'Thomas', 'hammth', 'Tommy55', 64, 0.00, 0, 0, 0, 0, 0, 0, 0, 0.00, 0, 0, 'hh', '', '', '', '', '', '0000000000000000000000000000000000000000000000000000000000000000000000'),
(46, 'Kohfahl', 'Ilka', 'kohfil', 'creixell', 49, 0.00, 0, 0, 0, 1, 0, 0, 0, 0.00, 0, 0, 'hh', '', '', '', '', '', '0000000000000000000000000000000000000000000000000000000000000000000000'),
(47, 'Grashoff', 'Günther', 'grasgu', 'creixell', 46, 0.00, 0, 0, 0, 0, 0, 0, 0, 0.00, 0, 0, 'hh', '', '', '', '', '', '0000000000000000000000000000000000000000000000000000000000000000000000'),
(48, 'Angerstein', 'Andreas', 'angean', 'angus', 46, 0.00, 0, 0, 0, 0, 0, 0, 0, 0.00, 0, 0, 'sh', '', '', '', '', '', '0000000000000000000000000000000000000000000000000000000000000000000000'),
(49, 'Bläsing', 'Jana', 'blaeja', 'jana', 51, 0.00, 0, 0, 0, 1, 0, 0, 0, 0.00, 0, 0, 'sh', '', '', '', '', '', '0000000000000000000000000000000000000000000000000000000000000000000000'),
(50, 'Brenken', 'Mathias', 'brenma', 'vestervik', 50, 0.00, 0, 0, 0, 0, 0, 0, 0, 0.00, 0, 0, 'ns', '', '', '', '', '', '0000000000000000000000000000000000000000000000000000000000000000000000'),
(51, 'Löhden', 'Detlef', 'loehde', 'karin', 38, 0.00, 0, 0, 0, 0, 0, 0, 0, 0.00, 0, 0, 'ns', '', '', '', '', '', '0000000000000000000000000000000000000000000000000000000000000000000000'),
(52, 'Dieregsweiler', 'Marlies', 'dierma', 'jonas', 64, 0.00, 0, 0, 0, 0, 0, 0, 0, 0.00, 0, 0, 'hh', '', '', '', '', '', '0000000000000000000000000000000000000000000000000000000000000000000000'),
(53, 'König', 'Nancy', 'koenna', 'joffrey', 53, 0.00, 0, 0, 0, 0, 0, 0, 0, 0.00, 0, 0, 'ns', '', '', '', '', '', '0000000000000000000000000000000000000000000000000000000000000000000000'),
(54, 'Bläsing', 'Roland', 'blaero', 'roland', 62, 0.00, 0, 0, 0, 0, 0, 0, 0, 0.00, 0, 0, 'sh', '', '', '', '', '', '0000000000000000000000000000000000000000000000000000000000000000000000'),
(55, 'Brenken', 'Ben', 'brenbe', 'kreis', 44, 0.00, 0, 0, 0, 0, 0, 0, 0, 0.00, 0, 0, 'ns', '', '', '', '', '', '0000000000000000000000000000000000000000000000000000000000000000000000');

-- --------------------------------------------------------

--
-- Table structure for table `en_verein`
--

DROP TABLE IF EXISTS `en_verein`;
CREATE TABLE IF NOT EXISTS `en_verein` (
  `id_verein` int(11) NOT NULL AUTO_INCREMENT,
  `at_verein_name` char(30) NOT NULL,
  `at_verein_kurz` char(3) NOT NULL,
  `at_verein_regex` char(30) NOT NULL,
  `at_verein_sp` int(11) DEFAULT NULL,
  `at_verein_si` int(11) DEFAULT NULL,
  `at_verein_un` int(11) DEFAULT NULL,
  `at_verein_ni` int(11) DEFAULT NULL,
  `at_verein_tg` int(11) DEFAULT NULL,
  `at_verein_tk` int(11) DEFAULT NULL,
  `at_verein_punke` int(11) DEFAULT NULL,
  `at_verein_hsp` int(11) DEFAULT NULL,
  `at_verein_hsi` int(11) DEFAULT NULL,
  `at_verein_hun` int(11) DEFAULT NULL,
  `at_verein_hni` int(11) DEFAULT NULL,
  `at_verein_htg` int(11) DEFAULT NULL,
  `at_verein_htk` int(11) DEFAULT NULL,
  `at_verein_hpunke` int(11) DEFAULT NULL,
  `at_verein_asp` int(11) DEFAULT NULL,
  `at_verein_asi` int(11) DEFAULT NULL,
  `at_verein_aun` int(11) DEFAULT NULL,
  `at_verein_ani` int(11) DEFAULT NULL,
  `at_verein_atg` int(11) DEFAULT NULL,
  `at_verein_atk` int(11) DEFAULT NULL,
  `at_verein_apunke` int(11) DEFAULT NULL,
  `at_verein_hrsp` int(11) DEFAULT NULL,
  `at_verein_hrsi` int(11) DEFAULT NULL,
  `at_verein_hrun` int(11) DEFAULT NULL,
  `at_verein_hrni` int(11) DEFAULT NULL,
  `at_verein_hrtg` int(11) DEFAULT NULL,
  `at_verein_hrtk` int(11) DEFAULT NULL,
  `at_verein_hrpunke` int(11) DEFAULT NULL,
  `at_verein_rrsp` int(11) DEFAULT NULL,
  `at_verein_rrsi` int(11) DEFAULT NULL,
  `at_verein_rrun` int(11) DEFAULT NULL,
  `at_verein_rrni` int(11) DEFAULT NULL,
  `at_verein_rrtg` int(11) DEFAULT NULL,
  `at_verein_rrtk` int(11) DEFAULT NULL,
  `at_verein_rrpunke` int(11) DEFAULT NULL,
  `at_verein_form` char(70) NOT NULL,
  PRIMARY KEY (`id_verein`)
) ENGINE=MyISAM  DEFAULT CHARSET=utf8 AUTO_INCREMENT=25 ;

--
-- Dumping data for table `en_verein`
--

INSERT INTO `en_verein` (`id_verein`, `at_verein_name`, `at_verein_kurz`, `at_verein_regex`, `at_verein_sp`, `at_verein_si`, `at_verein_un`, `at_verein_ni`, `at_verein_tg`, `at_verein_tk`, `at_verein_punke`, `at_verein_hsp`, `at_verein_hsi`, `at_verein_hun`, `at_verein_hni`, `at_verein_htg`, `at_verein_htk`, `at_verein_hpunke`, `at_verein_asp`, `at_verein_asi`, `at_verein_aun`, `at_verein_ani`, `at_verein_atg`, `at_verein_atk`, `at_verein_apunke`, `at_verein_hrsp`, `at_verein_hrsi`, `at_verein_hrun`, `at_verein_hrni`, `at_verein_hrtg`, `at_verein_hrtk`, `at_verein_hrpunke`, `at_verein_rrsp`, `at_verein_rrsi`, `at_verein_rrun`, `at_verein_rrni`, `at_verein_rrtg`, `at_verein_rrtk`, `at_verein_rrpunke`, `at_verein_form`) VALUES
(1, 'Frankreich', 'fra', '(.*Frankreich.*)', 7, 5, 1, 1, 13, 5, 16, 4, 4, 0, 0, 11, 4, 12, 3, 1, 1, 1, 2, 1, 4, 14, 5, 1, 1, 13, 5, 16, 0, 0, 0, 0, 0, 0, 0, 'xxxxxxxxxxxxxxxxxxxxxxxxxxxxxxxxxxxxxxxxxxxxxxxxxxxxxxxxxxxxxxxxxxxxxx'),
(2, 'Rumänien', 'rum', '(.*Rumänien.*)', 3, 0, 1, 2, 2, 4, 1, 2, 0, 1, 1, 1, 2, 1, 1, 0, 0, 1, 1, 2, 0, 6, 0, 1, 2, 2, 4, 1, 0, 0, 0, 0, 0, 0, 0, 'xxxxxxxxxxxxxxxxxxxxxxxxxxxxxxxxxxxxxxxxxxxxxxxxxxxxxxxxxxxxxxxxxxxxxx'),
(3, 'Albanien', 'alb', '(.*Albanien.*)', 3, 1, 0, 2, 1, 3, 3, 1, 0, 0, 1, 0, 1, 0, 2, 1, 0, 1, 1, 2, 3, 6, 1, 0, 2, 1, 3, 3, 0, 0, 0, 0, 0, 0, 0, 'xxxxxxxxxxxxxxxxxxxxxxxxxxxxxxxxxxxxxxxxxxxxxxxxxxxxxxxxxxxxxxxxxxxxxx'),
(4, 'Schweiz', 'swi', '(.*Schweiz.*)', 4, 1, 2, 1, 7, 7, 5, 2, 0, 1, 1, 5, 6, 1, 2, 1, 1, 0, 2, 1, 4, 8, 1, 2, 1, 7, 7, 5, 0, 0, 0, 0, 0, 0, 0, 'xxxxxxxxxxxxxxxxxxxxxxxxxxxxxxxxxxxxxxxxxxxxxxxxxxxxxxxxxxxxxxxxxxxxxx'),
(5, 'Wales', 'wal', '(.*Wales.*)', 6, 4, 0, 2, 10, 6, 12, 3, 3, 0, 0, 6, 2, 9, 3, 1, 0, 2, 4, 4, 3, 12, 4, 0, 2, 10, 6, 12, 0, 0, 0, 0, 0, 0, 0, 'xxxxxxxxxxxxxxxxxxxxxxxxxxxxxxxxxxxxxxxxxxxxxxxxxxxxxxxxxxxxxxxxxxxxxx'),
(6, 'Russland', 'rus', '.*Russ.*', 3, 0, 1, 2, 2, 6, 1, 2, 0, 0, 2, 1, 5, 0, 1, 0, 1, 0, 1, 1, 1, 6, 0, 1, 2, 2, 6, 1, 0, 0, 0, 0, 0, 0, 0, 'xxxxxxxxxxxxxxxxxxxxxxxxxxxxxxxxxxxxxxxxxxxxxxxxxxxxxxxxxxxxxxxxxxxxxx'),
(7, 'Slowakei', 'slo', '(.*Slowakei.*)', 4, 1, 1, 2, 3, 6, 4, 1, 0, 1, 0, 0, 0, 1, 3, 1, 0, 2, 3, 6, 3, 8, 1, 1, 2, 3, 6, 4, 0, 0, 0, 0, 0, 0, 0, 'xxxxxxxxxxxxxxxxxxxxxxxxxxxxxxxxxxxxxxxxxxxxxxxxxxxxxxxxxxxxxxxxxxxxxx'),
(8, 'England', 'eng', '(.*England.*)', 4, 1, 2, 1, 4, 4, 5, 3, 1, 1, 1, 4, 4, 4, 1, 0, 1, 0, 0, 0, 1, 8, 1, 2, 1, 4, 4, 5, 0, 0, 0, 0, 0, 0, 0, 'xxxxxxxxxxxxxxxxxxxxxxxxxxxxxxxxxxxxxxxxxxxxxxxxxxxxxxxxxxxxxxxxxxxxxx'),
(9, 'Polen', 'pol', '.*Polen.*', 5, 3, 1, 1, 12, 11, 10, 2, 1, 0, 1, 5, 6, 3, 3, 2, 1, 0, 7, 5, 7, 10, 3, 1, 1, 12, 11, 10, 0, 0, 0, 0, 0, 0, 0, 'xxxxxxxxxxxxxxxxxxxxxxxxxxxxxxxxxxxxxxxxxxxxxxxxxxxxxxxxxxxxxxxxxxxxxx'),
(10, 'Nordirland', 'nor', '(.*Nordirland.*)', 4, 1, 0, 3, 2, 3, 3, 1, 0, 0, 1, 0, 1, 0, 3, 1, 0, 2, 2, 2, 3, 8, 1, 0, 3, 2, 3, 3, 0, 0, 0, 0, 0, 0, 0, 'xxxxxxxxxxxxxxxxxxxxxxxxxxxxxxxxxxxxxxxxxxxxxxxxxxxxxxxxxxxxxxxxxxxxxx'),
(11, 'Deutschland', 'deu', '(.*Deutschland.*)', 6, 4, 1, 1, 13, 8, 13, 5, 3, 1, 1, 12, 8, 10, 1, 1, 0, 0, 1, 0, 3, 12, 4, 1, 1, 13, 8, 13, 0, 0, 0, 0, 0, 0, 0, 'xxxxxxxxxxxxxxxxxxxxxxxxxxxxxxxxxxxxxxxxxxxxxxxxxxxxxxxxxxxxxxxxxxxxxx'),
(12, 'Ukraine', 'ukr', '(.*Ukraine.*)', 3, 0, 0, 3, 0, 5, 0, 2, 0, 0, 2, 0, 3, 0, 1, 0, 0, 1, 0, 2, 0, 6, 0, 0, 3, 0, 5, 0, 0, 0, 0, 0, 0, 0, 0, 'xxxxxxxxxxxxxxxxxxxxxxxxxxxxxxxxxxxxxxxxxxxxxxxxxxxxxxxxxxxxxxxxxxxxxx'),
(13, 'Türkei', 'tur', '(.*Türkei.*)', 3, 1, 0, 2, 2, 4, 3, 1, 0, 0, 1, 0, 1, 0, 2, 1, 0, 1, 2, 3, 3, 6, 1, 0, 2, 2, 4, 3, 0, 0, 0, 0, 0, 0, 0, 'xxxxxxxxxxxxxxxxxxxxxxxxxxxxxxxxxxxxxxxxxxxxxxxxxxxxxxxxxxxxxxxxxxxxxx'),
(14, 'Kroatien', 'kro', '(.*Kroatien.*)', 4, 2, 1, 1, 5, 4, 7, 2, 1, 0, 1, 2, 2, 3, 2, 1, 1, 0, 3, 2, 4, 8, 2, 1, 1, 5, 4, 7, 0, 0, 0, 0, 0, 0, 0, 'xxxxxxxxxxxxxxxxxxxxxxxxxxxxxxxxxxxxxxxxxxxxxxxxxxxxxxxxxxxxxxxxxxxxxx'),
(15, 'Spanien', 'spa', '(.*Spanien.*)', 4, 2, 0, 2, 5, 4, 6, 2, 2, 0, 0, 4, 0, 6, 2, 0, 0, 2, 1, 4, 0, 8, 2, 0, 2, 5, 4, 6, 0, 0, 0, 0, 0, 0, 0, 'xxxxxxxxxxxxxxxxxxxxxxxxxxxxxxxxxxxxxxxxxxxxxxxxxxxxxxxxxxxxxxxxxxxxxx'),
(16, 'Tschechien', 'tch', '(.*Tschechien.*)', 3, 0, 1, 2, 2, 5, 1, 2, 0, 1, 1, 2, 4, 1, 1, 0, 0, 1, 0, 1, 0, 6, 0, 1, 2, 2, 5, 1, 0, 0, 0, 0, 0, 0, 0, 'xxxxxxxxxxxxxxxxxxxxxxxxxxxxxxxxxxxxxxxxxxxxxxxxxxxxxxxxxxxxxxxxxxxxxx'),
(17, 'Irland', 'irl', '(.*Irland.*)', 4, 1, 1, 2, 3, 6, 4, 1, 0, 1, 0, 1, 1, 1, 3, 1, 0, 2, 2, 5, 3, 8, 1, 1, 2, 3, 6, 4, 0, 0, 0, 0, 0, 0, 0, 'xxxxxxxxxxxxxxxxxxxxxxxxxxxxxxxxxxxxxxxxxxxxxxxxxxxxxxxxxxxxxxxxxxxxxx'),
(18, 'Schweden', 'swe', '(.*Schweden.*)', 3, 0, 1, 2, 1, 3, 1, 1, 0, 0, 1, 0, 1, 0, 2, 0, 1, 1, 1, 2, 1, 6, 0, 1, 2, 1, 3, 1, 0, 0, 0, 0, 0, 0, 0, 'xxxxxxxxxxxxxxxxxxxxxxxxxxxxxxxxxxxxxxxxxxxxxxxxxxxxxxxxxxxxxxxxxxxxxx'),
(19, 'Belgien', 'bel', '(.*Belgien.*)', 5, 3, 0, 2, 9, 5, 9, 2, 1, 0, 1, 3, 2, 3, 3, 2, 0, 1, 6, 3, 6, 10, 3, 0, 2, 9, 5, 9, 0, 0, 0, 0, 0, 0, 0, 'xxxxxxxxxxxxxxxxxxxxxxxxxxxxxxxxxxxxxxxxxxxxxxxxxxxxxxxxxxxxxxxxxxxxxx'),
(20, 'Italien', 'ita', '(.*Italien.*)', 5, 3, 0, 2, 11, 8, 9, 3, 2, 0, 1, 3, 1, 6, 2, 1, 0, 1, 8, 7, 3, 10, 3, 0, 2, 11, 8, 9, 0, 0, 0, 0, 0, 0, 0, 'xxxxxxxxxxxxxxxxxxxxxxxxxxxxxxxxxxxxxxxxxxxxxxxxxxxxxxxxxxxxxxxxxxxxxx'),
(21, 'Österreich', 'aus', '(.*Österreich.*)', 3, 0, 1, 2, 1, 4, 1, 1, 0, 0, 1, 0, 2, 0, 2, 0, 1, 1, 1, 2, 1, 6, 0, 1, 2, 1, 4, 1, 0, 0, 0, 0, 0, 0, 0, 'xxxxxxxxxxxxxxxxxxxxxxxxxxxxxxxxxxxxxxxxxxxxxxxxxxxxxxxxxxxxxxxxxxxxxx'),
(22, 'Ungarn', 'ung', '(.*Ungarn.*)', 4, 1, 2, 1, 6, 8, 5, 2, 0, 1, 1, 3, 7, 1, 2, 1, 1, 0, 3, 1, 4, 8, 1, 2, 1, 6, 8, 5, 0, 0, 0, 0, 0, 0, 0, 'xxxxxxxxxxxxxxxxxxxxxxxxxxxxxxxxxxxxxxxxxxxxxxxxxxxxxxxxxxxxxxxxxxxxxx'),
(23, 'Portugal', 'por', '(.*Portugal.*)', 7, 4, 3, 0, 14, 8, 15, 4, 2, 2, 0, 4, 1, 8, 3, 2, 1, 0, 10, 7, 7, 14, 4, 3, 0, 14, 8, 15, 0, 0, 0, 0, 0, 0, 0, 'xxxxxxxxxxxxxxxxxxxxxxxxxxxxxxxxxxxxxxxxxxxxxxxxxxxxxxxxxxxxxxxxxxxxxx'),
(24, 'Island', 'isl', '(.*Island.*)', 5, 2, 2, 1, 8, 9, 8, 2, 1, 1, 0, 3, 2, 4, 3, 1, 1, 1, 5, 7, 4, 10, 2, 2, 1, 8, 9, 8, 0, 0, 0, 0, 0, 0, 0, 'xxxxxxxxxxxxxxxxxxxxxxxxxxxxxxxxxxxxxxxxxxxxxxxxxxxxxxxxxxxxxxxxxxxxxx');

-- --------------------------------------------------------

--
-- Table structure for table `en_wette`
--

DROP TABLE IF EXISTS `en_wette`;
CREATE TABLE IF NOT EXISTS `en_wette` (
  `id_wette` int(11) NOT NULL AUTO_INCREMENT,
  `id_tipper` int(11) NOT NULL,
  `id_spieltag` int(11) NOT NULL,
  `at_wette_punkte` int(11) NOT NULL,
  `at_wette_gewinn` decimal(5,2) NOT NULL,
  `at_wette_is_gewonnen` tinyint(1) NOT NULL,
  `at_wette_is_sieger` tinyint(1) NOT NULL,
  `at_wette_punktef` int(11) NOT NULL,
  `at_wette_punktem` int(11) NOT NULL,
  `at_wette_punktek` int(11) NOT NULL,
  PRIMARY KEY (`id_wette`)
) ENGINE=MyISAM  DEFAULT CHARSET=utf8 AUTO_INCREMENT=756 ;

--
-- Dumping data for table `en_wette`
--

INSERT INTO `en_wette` (`id_wette`, `id_tipper`, `id_spieltag`, `at_wette_punkte`, `at_wette_gewinn`, `at_wette_is_gewonnen`, `at_wette_is_sieger`, `at_wette_punktef`, `at_wette_punktem`, `at_wette_punktek`) VALUES
(101, 1, 1, 19, 0.00, 0, 0, 0, 0, 0),
(103, 3, 1, 13, 0.00, 0, 0, 0, 0, 0),
(104, 4, 1, 16, 0.00, 0, 0, 0, 0, 0),
(105, 5, 1, 15, 0.00, 0, 0, 0, 0, 0),
(106, 6, 1, 0, 0.00, 0, 0, 0, 0, 0),
(107, 7, 1, 12, 0.00, 0, 0, 0, 0, 0),
(108, 8, 1, 13, 0.00, 0, 0, 0, 0, 0),
(109, 9, 1, 17, 0.00, 0, 0, 0, 0, 0),
(111, 11, 1, 13, 0.00, 0, 0, 0, 0, 0),
(112, 12, 1, 19, 0.00, 0, 0, 0, 0, 0),
(113, 13, 1, 16, 0.00, 0, 0, 0, 0, 0),
(115, 15, 1, 13, 0.00, 0, 0, 0, 0, 0),
(116, 16, 1, 11, 0.00, 0, 0, 0, 0, 0),
(117, 17, 1, 17, 0.00, 0, 0, 0, 0, 0),
(118, 18, 1, 16, 0.00, 0, 0, 0, 0, 0),
(119, 19, 1, 13, 0.00, 0, 0, 0, 0, 0),
(120, 20, 1, 23, 0.00, 1, 1, 0, 0, 0),
(121, 21, 1, 12, 0.00, 0, 0, 0, 0, 0),
(122, 22, 1, 19, 0.00, 0, 0, 0, 0, 0),
(123, 23, 1, 15, 0.00, 0, 0, 0, 0, 0),
(124, 24, 1, 14, 0.00, 0, 0, 0, 0, 0),
(125, 25, 1, 17, 0.00, 0, 0, 0, 0, 0),
(126, 26, 1, 15, 0.00, 0, 0, 0, 0, 0),
(127, 27, 1, 22, 0.00, 0, 0, 0, 0, 0),
(128, 28, 1, 23, 0.00, 1, 1, 0, 0, 0),
(138, 38, 1, 10, 0.00, 0, 0, 0, 0, 0),
(139, 39, 1, 6, 0.00, 0, 0, 0, 0, 0),
(140, 40, 1, 15, 0.00, 0, 0, 0, 0, 0),
(141, 41, 1, 7, 0.00, 0, 0, 0, 0, 0),
(142, 42, 1, 0, 0.00, 0, 0, 0, 0, 0),
(143, 43, 1, 9, 0.00, 0, 0, 0, 0, 0),
(144, 44, 1, 21, 0.00, 0, 0, 0, 0, 0),
(145, 45, 1, 20, 0.00, 0, 0, 0, 0, 0),
(146, 46, 1, 17, 0.00, 0, 0, 0, 0, 0),
(147, 47, 1, 14, 0.00, 0, 0, 0, 0, 0),
(148, 48, 1, 11, 0.00, 0, 0, 0, 0, 0),
(149, 49, 1, 14, 0.00, 0, 0, 0, 0, 0),
(150, 50, 1, 13, 0.00, 0, 0, 0, 0, 0),
(151, 51, 1, 7, 0.00, 0, 0, 0, 0, 0),
(152, 52, 1, 21, 0.00, 0, 0, 0, 0, 0),
(153, 53, 1, 16, 0.00, 0, 0, 0, 0, 0),
(154, 54, 1, 15, 0.00, 0, 0, 0, 0, 0),
(155, 55, 1, 10, 0.00, 0, 0, 0, 0, 0),
(156, 56, 1, 0, 0.00, 0, 0, 0, 0, 0),
(201, 1, 2, 10, 0.00, 0, 0, 0, 0, 0),
(203, 3, 2, 13, 0.00, 0, 0, 0, 0, 0),
(204, 4, 2, 12, 0.00, 0, 0, 0, 0, 0),
(205, 5, 2, 16, 0.00, 0, 0, 0, 0, 0),
(207, 7, 2, 17, 0.00, 0, 0, 0, 0, 0),
(208, 8, 2, 14, 0.00, 0, 0, 0, 0, 0),
(209, 9, 2, 12, 0.00, 0, 0, 0, 0, 0),
(211, 11, 2, 7, 0.00, 0, 0, 0, 0, 0),
(212, 12, 2, 11, 0.00, 0, 0, 0, 0, 0),
(213, 13, 2, 15, 0.00, 0, 0, 0, 0, 0),
(215, 15, 2, 16, 0.00, 0, 0, 0, 0, 0),
(216, 16, 2, 8, 0.00, 0, 0, 0, 0, 0),
(217, 17, 2, 14, 0.00, 0, 0, 0, 0, 0),
(218, 18, 2, 11, 0.00, 0, 0, 0, 0, 0),
(219, 19, 2, 21, 0.00, 0, 0, 0, 0, 0),
(220, 20, 2, 14, 0.00, 0, 0, 0, 0, 0),
(221, 21, 2, 5, 0.00, 0, 0, 0, 0, 0),
(222, 22, 2, 11, 0.00, 0, 0, 0, 0, 0),
(223, 23, 2, 24, 0.00, 1, 0, 0, 0, 0),
(224, 24, 2, 16, 0.00, 0, 0, 0, 0, 0),
(225, 25, 2, 18, 0.00, 0, 0, 0, 0, 0),
(226, 26, 2, 11, 0.00, 0, 0, 0, 0, 0),
(227, 27, 2, 11, 0.00, 0, 0, 0, 0, 0),
(228, 28, 2, 10, 0.00, 0, 0, 0, 0, 0),
(238, 38, 2, 13, 0.00, 0, 0, 0, 0, 0),
(239, 39, 2, 17, 0.00, 0, 0, 0, 0, 0),
(240, 40, 2, 16, 0.00, 0, 0, 0, 0, 0),
(241, 41, 2, 26, 0.00, 1, 1, 0, 0, 0),
(243, 43, 2, 19, 0.00, 0, 0, 0, 0, 0),
(244, 44, 2, 11, 0.00, 0, 0, 0, 0, 0),
(245, 45, 2, 14, 0.00, 0, 0, 0, 0, 0),
(246, 46, 2, 15, 0.00, 0, 0, 0, 0, 0),
(247, 47, 2, 15, 0.00, 0, 0, 0, 0, 0),
(248, 48, 2, 14, 0.00, 0, 0, 0, 0, 0),
(249, 49, 2, 13, 0.00, 0, 0, 0, 0, 0),
(250, 50, 2, 13, 0.00, 0, 0, 0, 0, 0),
(251, 51, 2, 8, 0.00, 0, 0, 0, 0, 0),
(252, 52, 2, 22, 0.00, 0, 0, 0, 0, 0),
(253, 53, 2, 17, 0.00, 0, 0, 0, 0, 0),
(254, 54, 2, 20, 0.00, 0, 0, 0, 0, 0),
(255, 55, 2, 17, 0.00, 0, 0, 0, 0, 0),
(301, 1, 3, 19, 0.00, 1, 1, 0, 0, 0),
(303, 3, 3, 11, 0.00, 0, 0, 0, 0, 0),
(304, 4, 3, 8, 0.00, 0, 0, 0, 0, 0),
(305, 5, 3, 6, 0.00, 0, 0, 0, 0, 0),
(307, 7, 3, 11, 0.00, 0, 0, 0, 0, 0),
(308, 8, 3, 14, 0.00, 0, 0, 0, 0, 0),
(309, 9, 3, 5, 0.00, 0, 0, 0, 0, 0),
(311, 11, 3, 10, 0.00, 0, 0, 0, 0, 0),
(312, 12, 3, 13, 0.00, 0, 0, 0, 0, 0),
(313, 13, 3, 9, 0.00, 0, 0, 0, 0, 0),
(315, 15, 3, 11, 0.00, 0, 0, 0, 0, 0),
(316, 16, 3, 11, 0.00, 0, 0, 0, 0, 0),
(317, 17, 3, 7, 0.00, 0, 0, 0, 0, 0),
(318, 18, 3, 7, 0.00, 0, 0, 0, 0, 0),
(319, 19, 3, 15, 0.00, 0, 0, 0, 0, 0),
(320, 20, 3, 14, 0.00, 0, 0, 0, 0, 0),
(321, 21, 3, 13, 0.00, 0, 0, 0, 0, 0),
(322, 22, 3, 4, 0.00, 0, 0, 0, 0, 0),
(323, 23, 3, 10, 0.00, 0, 0, 0, 0, 0),
(324, 24, 3, 9, 0.00, 0, 0, 0, 0, 0),
(325, 25, 3, 15, 0.00, 0, 0, 0, 0, 0),
(326, 26, 3, 5, 0.00, 0, 0, 0, 0, 0),
(327, 27, 3, 9, 0.00, 0, 0, 0, 0, 0),
(328, 28, 3, 12, 0.00, 0, 0, 0, 0, 0),
(338, 38, 3, 11, 0.00, 0, 0, 0, 0, 0),
(339, 39, 3, 17, 0.00, 1, 0, 0, 0, 0),
(340, 40, 3, 6, 0.00, 0, 0, 0, 0, 0),
(341, 41, 3, 9, 0.00, 0, 0, 0, 0, 0),
(343, 43, 3, 7, 0.00, 0, 0, 0, 0, 0),
(344, 44, 3, 17, 0.00, 1, 0, 0, 0, 0),
(345, 45, 3, 12, 0.00, 0, 0, 0, 0, 0),
(346, 46, 3, 3, 0.00, 0, 0, 0, 0, 0),
(347, 47, 3, 9, 0.00, 0, 0, 0, 0, 0),
(348, 48, 3, 13, 0.00, 0, 0, 0, 0, 0),
(349, 49, 3, 5, 0.00, 0, 0, 0, 0, 0),
(350, 50, 3, 7, 0.00, 0, 0, 0, 0, 0),
(351, 51, 3, 4, 0.00, 0, 0, 0, 0, 0),
(352, 52, 3, 6, 0.00, 0, 0, 0, 0, 0),
(353, 53, 3, 6, 0.00, 0, 0, 0, 0, 0),
(354, 54, 3, 8, 0.00, 0, 0, 0, 0, 0),
(355, 55, 3, 4, 0.00, 0, 0, 0, 0, 0),
(401, 1, 4, 9, 0.00, 0, 0, 0, 0, 0),
(403, 3, 4, 7, 0.00, 0, 0, 0, 0, 0),
(404, 4, 4, 8, 0.00, 0, 0, 0, 0, 0),
(405, 5, 4, 7, 0.00, 0, 0, 0, 0, 0),
(407, 7, 4, 9, 0.00, 0, 0, 0, 0, 0),
(408, 8, 4, 10, 0.00, 0, 0, 0, 0, 0),
(409, 9, 4, 10, 0.00, 0, 0, 0, 0, 0),
(411, 11, 4, 6, 0.00, 0, 0, 0, 0, 0),
(412, 12, 4, 8, 0.00, 0, 0, 0, 0, 0),
(413, 13, 4, 9, 0.00, 0, 0, 0, 0, 0),
(415, 15, 4, 7, 0.00, 0, 0, 0, 0, 0),
(416, 16, 4, 7, 0.00, 0, 0, 0, 0, 0),
(417, 17, 4, 7, 0.00, 0, 0, 0, 0, 0),
(418, 18, 4, 11, 0.00, 0, 0, 0, 0, 0),
(419, 19, 4, 13, 0.00, 0, 0, 0, 0, 0),
(420, 20, 4, 12, 0.00, 0, 0, 0, 0, 0),
(421, 21, 4, 7, 0.00, 0, 0, 0, 0, 0),
(422, 22, 4, 16, 0.00, 1, 1, 0, 0, 0),
(423, 23, 4, 12, 0.00, 0, 0, 0, 0, 0),
(424, 24, 4, 8, 0.00, 0, 0, 0, 0, 0),
(425, 25, 4, 15, 0.00, 0, 0, 0, 0, 0),
(426, 26, 4, 16, 0.00, 1, 1, 0, 0, 0),
(427, 27, 4, 13, 0.00, 0, 0, 0, 0, 0),
(428, 28, 4, 12, 0.00, 0, 0, 0, 0, 0),
(438, 38, 4, 9, 0.00, 0, 0, 0, 0, 0),
(439, 39, 4, 7, 0.00, 0, 0, 0, 0, 0),
(440, 40, 4, 10, 0.00, 0, 0, 0, 0, 0),
(441, 41, 4, 11, 0.00, 0, 0, 0, 0, 0),
(443, 43, 4, 11, 0.00, 0, 0, 0, 0, 0),
(444, 44, 4, 14, 0.00, 0, 0, 0, 0, 0),
(445, 45, 4, 14, 0.00, 0, 0, 0, 0, 0),
(446, 46, 4, 8, 0.00, 0, 0, 0, 0, 0),
(447, 47, 4, 5, 0.00, 0, 0, 0, 0, 0),
(448, 48, 4, 6, 0.00, 0, 0, 0, 0, 0),
(449, 49, 4, 10, 0.00, 0, 0, 0, 0, 0),
(450, 50, 4, 12, 0.00, 0, 0, 0, 0, 0),
(451, 51, 4, 14, 0.00, 0, 0, 0, 0, 0),
(452, 52, 4, 12, 0.00, 0, 0, 0, 0, 0),
(453, 53, 4, 11, 0.00, 0, 0, 0, 0, 0),
(454, 54, 4, 14, 0.00, 0, 0, 0, 0, 0),
(455, 55, 4, 9, 0.00, 0, 0, 0, 0, 0),
(501, 1, 5, 3, 0.00, 0, 0, 0, 0, 0),
(503, 3, 5, 5, 0.00, 0, 0, 0, 0, 0),
(504, 4, 5, 1, 0.00, 0, 0, 0, 0, 0),
(505, 5, 5, 5, 0.00, 0, 0, 0, 0, 0),
(507, 7, 5, 3, 0.00, 0, 0, 0, 0, 0),
(508, 8, 5, 5, 0.00, 0, 0, 0, 0, 0),
(509, 9, 5, 1, 0.00, 0, 0, 0, 0, 0),
(511, 11, 5, 5, 0.00, 0, 0, 0, 0, 0),
(512, 12, 5, 3, 0.00, 0, 0, 0, 0, 0),
(513, 13, 5, 3, 0.00, 0, 0, 0, 0, 0),
(515, 15, 5, 5, 0.00, 0, 0, 0, 0, 0),
(516, 16, 5, 5, 0.00, 0, 0, 0, 0, 0),
(517, 17, 5, 5, 0.00, 0, 0, 0, 0, 0),
(518, 18, 5, 3, 0.00, 0, 0, 0, 0, 0),
(519, 19, 5, 5, 0.00, 0, 0, 0, 0, 0),
(520, 20, 5, 4, 0.00, 0, 0, 0, 0, 0),
(521, 21, 5, 3, 0.00, 0, 0, 0, 0, 0),
(522, 22, 5, 4, 0.00, 0, 0, 0, 0, 0),
(523, 23, 5, 4, 0.00, 0, 0, 0, 0, 0),
(524, 24, 5, 2, 0.00, 0, 0, 0, 0, 0),
(525, 25, 5, 2, 0.00, 0, 0, 0, 0, 0),
(526, 26, 5, 7, 0.00, 1, 1, 0, 0, 0),
(527, 27, 5, 6, 0.00, 1, 0, 0, 0, 0),
(528, 28, 5, 6, 0.00, 1, 0, 0, 0, 0),
(538, 38, 5, 4, 0.00, 0, 0, 0, 0, 0),
(539, 39, 5, 0, 0.00, 0, 0, 0, 0, 0),
(540, 40, 5, 4, 0.00, 0, 0, 0, 0, 0),
(541, 41, 5, 3, 0.00, 0, 0, 0, 0, 0),
(543, 43, 5, 2, 0.00, 0, 0, 0, 0, 0),
(544, 44, 5, 3, 0.00, 0, 0, 0, 0, 0),
(545, 45, 5, 3, 0.00, 0, 0, 0, 0, 0),
(546, 46, 5, 6, 0.00, 1, 0, 0, 0, 0),
(547, 47, 5, 3, 0.00, 0, 0, 0, 0, 0),
(548, 48, 5, 2, 0.00, 0, 0, 0, 0, 0),
(549, 49, 5, 6, 0.00, 1, 0, 0, 0, 0),
(550, 50, 5, 4, 0.00, 0, 0, 0, 0, 0),
(551, 51, 5, 4, 0.00, 0, 0, 0, 0, 0),
(552, 52, 5, 3, 0.00, 0, 0, 0, 0, 0),
(553, 53, 5, 3, 0.00, 0, 0, 0, 0, 0),
(554, 54, 5, 5, 0.00, 0, 0, 0, 0, 0),
(555, 55, 5, 4, 0.00, 0, 0, 0, 0, 0),
(601, 1, 6, 6, 0.00, 1, 0, 0, 0, 0),
(603, 3, 6, 1, 0.00, 0, 0, 0, 0, 0),
(604, 4, 6, 0, 0.00, 0, 0, 0, 0, 0),
(605, 5, 6, 3, 0.00, 0, 0, 0, 0, 0),
(607, 7, 6, 7, 0.00, 1, 1, 0, 0, 0),
(608, 8, 6, 3, 0.00, 0, 0, 0, 0, 0),
(609, 9, 6, 1, 0.00, 0, 0, 0, 0, 0),
(611, 11, 6, 2, 0.00, 0, 0, 0, 0, 0),
(612, 12, 6, 3, 0.00, 0, 0, 0, 0, 0),
(613, 13, 6, 2, 0.00, 0, 0, 0, 0, 0),
(615, 15, 6, 0, 0.00, 0, 0, 0, 0, 0),
(616, 16, 6, 0, 0.00, 0, 0, 0, 0, 0),
(617, 17, 6, 0, 0.00, 0, 0, 0, 0, 0),
(618, 18, 6, 1, 0.00, 0, 0, 0, 0, 0),
(619, 19, 6, 1, 0.00, 0, 0, 0, 0, 0),
(620, 20, 6, 2, 0.00, 0, 0, 0, 0, 0),
(621, 21, 6, 0, 0.00, 0, 0, 0, 0, 0),
(622, 22, 6, 1, 0.00, 0, 0, 0, 0, 0),
(623, 23, 6, 0, 0.00, 0, 0, 0, 0, 0),
(624, 24, 6, 1, 0.00, 0, 0, 0, 0, 0),
(625, 25, 6, 0, 0.00, 0, 0, 0, 0, 0),
(626, 26, 6, 1, 0.00, 0, 0, 0, 0, 0),
(627, 27, 6, 1, 0.00, 0, 0, 0, 0, 0),
(628, 28, 6, 1, 0.00, 0, 0, 0, 0, 0),
(638, 38, 6, 0, 0.00, 0, 0, 0, 0, 0),
(639, 39, 6, 0, 0.00, 0, 0, 0, 0, 0),
(640, 40, 6, 1, 0.00, 0, 0, 0, 0, 0),
(641, 41, 6, 1, 0.00, 0, 0, 0, 0, 0),
(643, 43, 6, 1, 0.00, 0, 0, 0, 0, 0),
(644, 44, 6, 1, 0.00, 0, 0, 0, 0, 0),
(645, 45, 6, 1, 0.00, 0, 0, 0, 0, 0),
(646, 46, 6, 0, 0.00, 0, 0, 0, 0, 0),
(647, 47, 6, 0, 0.00, 0, 0, 0, 0, 0),
(648, 48, 6, 0, 0.00, 0, 0, 0, 0, 0),
(649, 49, 6, 3, 0.00, 0, 0, 0, 0, 0),
(650, 50, 6, 1, 0.00, 0, 0, 0, 0, 0),
(651, 51, 6, 1, 0.00, 0, 0, 0, 0, 0),
(652, 52, 6, 0, 0.00, 0, 0, 0, 0, 0),
(653, 53, 6, 0, 0.00, 0, 0, 0, 0, 0),
(654, 54, 6, 0, 0.00, 0, 0, 0, 0, 0),
(655, 55, 6, 0, 0.00, 0, 0, 0, 0, 0),
(701, 1, 7, 0, 0.00, 0, 0, 0, 0, 0),
(703, 3, 7, 6, 0.00, 1, 1, 0, 0, 0),
(704, 4, 7, 4, 0.00, 0, 0, 0, 0, 0),
(705, 5, 7, 0, 0.00, 0, 0, 0, 0, 0),
(707, 7, 7, 4, 0.00, 0, 0, 0, 0, 0),
(708, 8, 7, 0, 0.00, 0, 0, 0, 0, 0),
(709, 9, 7, 0, 0.00, 0, 0, 0, 0, 0),
(711, 11, 7, 0, 0.00, 0, 0, 0, 0, 0),
(712, 12, 7, 0, 0.00, 0, 0, 0, 0, 0),
(713, 13, 7, 4, 0.00, 0, 0, 0, 0, 0),
(715, 15, 7, 0, 0.00, 0, 0, 0, 0, 0),
(716, 16, 7, 0, 0.00, 0, 0, 0, 0, 0),
(717, 17, 7, 0, 0.00, 0, 0, 0, 0, 0),
(718, 18, 7, 0, 0.00, 0, 0, 0, 0, 0),
(719, 19, 7, 0, 0.00, 0, 0, 0, 0, 0),
(720, 20, 7, 0, 0.00, 0, 0, 0, 0, 0),
(721, 21, 7, 0, 0.00, 0, 0, 0, 0, 0),
(722, 22, 7, 4, 0.00, 0, 0, 0, 0, 0),
(723, 23, 7, 0, 0.00, 0, 0, 0, 0, 0),
(724, 24, 7, 0, 0.00, 0, 0, 0, 0, 0),
(725, 25, 7, 0, 0.00, 0, 0, 0, 0, 0),
(726, 26, 7, 0, 0.00, 0, 0, 0, 0, 0),
(727, 27, 7, 0, 0.00, 0, 0, 0, 0, 0),
(728, 28, 7, 6, 0.00, 1, 1, 0, 0, 0),
(738, 38, 7, 0, 0.00, 0, 0, 0, 0, 0),
(739, 39, 7, 0, 0.00, 0, 0, 0, 0, 0),
(740, 40, 7, 0, 0.00, 0, 0, 0, 0, 0),
(741, 41, 7, 4, 0.00, 0, 0, 0, 0, 0),
(743, 43, 7, 0, 0.00, 0, 0, 0, 0, 0),
(744, 44, 7, 0, 0.00, 0, 0, 0, 0, 0),
(745, 45, 7, 0, 0.00, 0, 0, 0, 0, 0),
(746, 46, 7, 0, 0.00, 0, 0, 0, 0, 0),
(747, 47, 7, 0, 0.00, 0, 0, 0, 0, 0),
(748, 48, 7, 0, 0.00, 0, 0, 0, 0, 0),
(749, 49, 7, 0, 0.00, 0, 0, 0, 0, 0),
(750, 50, 7, 0, 0.00, 0, 0, 0, 0, 0),
(751, 51, 7, 0, 0.00, 0, 0, 0, 0, 0),
(752, 52, 7, 0, 0.00, 0, 0, 0, 0, 0),
(753, 53, 7, 0, 0.00, 0, 0, 0, 0, 0),
(754, 54, 7, 0, 0.00, 0, 0, 0, 0, 0),
(755, 55, 7, 0, 0.00, 0, 0, 0, 0, 0);

/*!40101 SET CHARACTER_SET_CLIENT=@OLD_CHARACTER_SET_CLIENT */;
/*!40101 SET CHARACTER_SET_RESULTS=@OLD_CHARACTER_SET_RESULTS */;
/*!40101 SET COLLATION_CONNECTION=@OLD_COLLATION_CONNECTION */;
